[
{
  "model": "taggit.tag",
  "pk": 12,
  "fields": {
    "name": "asd",
    "slug": "asd"
  }
},
{
  "model": "taggit.tag",
  "pk": 13,
  "fields": {
    "name": "gratis",
    "slug": "gratis"
  }
},
{
  "model": "taggit.tag",
  "pk": 14,
  "fields": {
    "name": "koinku",
    "slug": "koinku"
  }
},
{
  "model": "taggit.tag",
  "pk": 15,
  "fields": {
    "name": "Desain",
    "slug": "desain"
  }
},
{
  "model": "taggit.tag",
  "pk": 16,
  "fields": {
    "name": "editing",
    "slug": "editing"
  }
},
{
  "model": "taggit.tag",
  "pk": 17,
  "fields": {
    "name": "video",
    "slug": "video"
  }
},
{
  "model": "taggit.tag",
  "pk": 18,
  "fields": {
    "name": "foto",
    "slug": "foto"
  }
},
{
  "model": "taggit.tag",
  "pk": 19,
  "fields": {
    "name": "kamera",
    "slug": "kamera"
  }
},
{
  "model": "taggit.tag",
  "pk": 20,
  "fields": {
    "name": "fotografi",
    "slug": "fotografi"
  }
},
{
  "model": "taggit.tag",
  "pk": 21,
  "fields": {
    "name": "logo",
    "slug": "logo"
  }
},
{
  "model": "taggit.tag",
  "pk": 22,
  "fields": {
    "name": "sobat",
    "slug": "sobat"
  }
},
{
  "model": "taggit.tag",
  "pk": 23,
  "fields": {
    "name": "inovasi",
    "slug": "inovasi"
  }
},
{
  "model": "taggit.tag",
  "pk": 24,
  "fields": {
    "name": "essay",
    "slug": "essay"
  }
},
{
  "model": "taggit.tag",
  "pk": 25,
  "fields": {
    "name": "menulis",
    "slug": "menulis"
  }
},
{
  "model": "taggit.tag",
  "pk": 26,
  "fields": {
    "name": "esai",
    "slug": "esai"
  }
},
{
  "model": "taggit.tag",
  "pk": 27,
  "fields": {
    "name": "business",
    "slug": "business"
  }
},
{
  "model": "taggit.tag",
  "pk": 28,
  "fields": {
    "name": "bisnis",
    "slug": "bisnis"
  }
},
{
  "model": "taggit.tag",
  "pk": 29,
  "fields": {
    "name": "food",
    "slug": "food"
  }
},
{
  "model": "taggit.tag",
  "pk": 30,
  "fields": {
    "name": "alquran",
    "slug": "alquran"
  }
},
{
  "model": "taggit.taggeditem",
  "pk": 21,
  "fields": {
    "tag": 13,
    "content_type": 57,
    "object_id": 7
  }
},
{
  "model": "taggit.taggeditem",
  "pk": 22,
  "fields": {
    "tag": 14,
    "content_type": 57,
    "object_id": 7
  }
},
{
  "model": "taggit.taggeditem",
  "pk": 23,
  "fields": {
    "tag": 13,
    "content_type": 57,
    "object_id": 8
  }
},
{
  "model": "taggit.taggeditem",
  "pk": 24,
  "fields": {
    "tag": 15,
    "content_type": 57,
    "object_id": 8
  }
},
{
  "model": "taggit.taggeditem",
  "pk": 25,
  "fields": {
    "tag": 16,
    "content_type": 57,
    "object_id": 9
  }
},
{
  "model": "taggit.taggeditem",
  "pk": 26,
  "fields": {
    "tag": 17,
    "content_type": 57,
    "object_id": 9
  }
},
{
  "model": "taggit.taggeditem",
  "pk": 27,
  "fields": {
    "tag": 13,
    "content_type": 57,
    "object_id": 9
  }
},
{
  "model": "taggit.taggeditem",
  "pk": 28,
  "fields": {
    "tag": 18,
    "content_type": 57,
    "object_id": 10
  }
},
{
  "model": "taggit.taggeditem",
  "pk": 29,
  "fields": {
    "tag": 19,
    "content_type": 57,
    "object_id": 10
  }
},
{
  "model": "taggit.taggeditem",
  "pk": 30,
  "fields": {
    "tag": 20,
    "content_type": 57,
    "object_id": 10
  }
},
{
  "model": "taggit.taggeditem",
  "pk": 31,
  "fields": {
    "tag": 13,
    "content_type": 57,
    "object_id": 10
  }
},
{
  "model": "taggit.taggeditem",
  "pk": 32,
  "fields": {
    "tag": 13,
    "content_type": 57,
    "object_id": 11
  }
},
{
  "model": "taggit.taggeditem",
  "pk": 33,
  "fields": {
    "tag": 21,
    "content_type": 57,
    "object_id": 11
  }
},
{
  "model": "taggit.taggeditem",
  "pk": 34,
  "fields": {
    "tag": 15,
    "content_type": 57,
    "object_id": 11
  }
},
{
  "model": "taggit.taggeditem",
  "pk": 35,
  "fields": {
    "tag": 24,
    "content_type": 57,
    "object_id": 12
  }
},
{
  "model": "taggit.taggeditem",
  "pk": 36,
  "fields": {
    "tag": 13,
    "content_type": 57,
    "object_id": 12
  }
},
{
  "model": "taggit.taggeditem",
  "pk": 37,
  "fields": {
    "tag": 22,
    "content_type": 57,
    "object_id": 12
  }
},
{
  "model": "taggit.taggeditem",
  "pk": 38,
  "fields": {
    "tag": 23,
    "content_type": 57,
    "object_id": 12
  }
},
{
  "model": "taggit.taggeditem",
  "pk": 39,
  "fields": {
    "tag": 24,
    "content_type": 57,
    "object_id": 13
  }
},
{
  "model": "taggit.taggeditem",
  "pk": 40,
  "fields": {
    "tag": 25,
    "content_type": 57,
    "object_id": 13
  }
},
{
  "model": "taggit.taggeditem",
  "pk": 41,
  "fields": {
    "tag": 26,
    "content_type": 57,
    "object_id": 13
  }
},
{
  "model": "taggit.taggeditem",
  "pk": 42,
  "fields": {
    "tag": 13,
    "content_type": 57,
    "object_id": 13
  }
},
{
  "model": "taggit.taggeditem",
  "pk": 43,
  "fields": {
    "tag": 27,
    "content_type": 57,
    "object_id": 14
  }
},
{
  "model": "taggit.taggeditem",
  "pk": 44,
  "fields": {
    "tag": 28,
    "content_type": 57,
    "object_id": 14
  }
},
{
  "model": "taggit.taggeditem",
  "pk": 45,
  "fields": {
    "tag": 13,
    "content_type": 57,
    "object_id": 14
  }
},
{
  "model": "taggit.taggeditem",
  "pk": 46,
  "fields": {
    "tag": 13,
    "content_type": 57,
    "object_id": 15
  }
},
{
  "model": "taggit.taggeditem",
  "pk": 47,
  "fields": {
    "tag": 27,
    "content_type": 57,
    "object_id": 15
  }
},
{
  "model": "taggit.taggeditem",
  "pk": 48,
  "fields": {
    "tag": 28,
    "content_type": 57,
    "object_id": 15
  }
},
{
  "model": "taggit.taggeditem",
  "pk": 49,
  "fields": {
    "tag": 29,
    "content_type": 57,
    "object_id": 15
  }
},
{
  "model": "taggit.taggeditem",
  "pk": 50,
  "fields": {
    "tag": 18,
    "content_type": 57,
    "object_id": 16
  }
},
{
  "model": "taggit.taggeditem",
  "pk": 51,
  "fields": {
    "tag": 20,
    "content_type": 57,
    "object_id": 16
  }
},
{
  "model": "taggit.taggeditem",
  "pk": 52,
  "fields": {
    "tag": 30,
    "content_type": 57,
    "object_id": 17
  }
},
{
  "model": "taggit.taggeditem",
  "pk": 53,
  "fields": {
    "tag": 24,
    "content_type": 57,
    "object_id": 18
  }
},
{
  "model": "auth.user",
  "pk": 22,
  "fields": {
    "password": "pbkdf2_sha256$180000$26dLXg2kygzy$Z2+vkFU+0Inv7eW+xrWQC5tZjzL1cvaJUe4PNYk7LE0=",
    "last_login": "2020-09-08T05:38:04.092Z",
    "is_superuser": false,
    "username": "nico",
    "first_name": "",
    "last_name": "",
    "email": "nico@nico.com",
    "is_staff": false,
    "is_active": true,
    "date_joined": "2020-09-07T15:50:47.074Z",
    "groups": [],
    "user_permissions": []
  }
},
{
  "model": "auth.user",
  "pk": 23,
  "fields": {
    "password": "pbkdf2_sha256$180000$7fWiZYccmhkk$SbGbauqX21LGqaTz/+RGoK3p2fr1/33Wtxrf9F94agE=",
    "last_login": "2020-09-10T14:40:17.111Z",
    "is_superuser": true,
    "username": "admin",
    "first_name": "",
    "last_name": "",
    "email": "admin@admin.com",
    "is_staff": true,
    "is_active": true,
    "date_joined": "2020-09-07T15:59:38.693Z",
    "groups": [],
    "user_permissions": []
  }
},
{
  "model": "sessions.session",
  "pk": "cutywga19mvrinpzphnqz3ht4gue4m6f",
  "fields": {
    "session_data": "MzVjMjQ0YjUzOWI5MjkwODA3ZmRhMTdkYjMwODkzNjljM2ZkZDM2ZDp7Il9hdXRoX3VzZXJfaWQiOiIyMyIsIl9hdXRoX3VzZXJfYmFja2VuZCI6ImRqYW5nby5jb250cmliLmF1dGguYmFja2VuZHMuTW9kZWxCYWNrZW5kIiwiX2F1dGhfdXNlcl9oYXNoIjoiNTY2YTU0ZmRmMjQyNmYzNjYxM2IxYmQ3Yjk0ZGMyZTIxZDcwNDg1NCJ9",
    "expire_date": "2020-09-21T16:01:02.912Z"
  }
},
{
  "model": "sessions.session",
  "pk": "qocqpomd2lk1f4le2ze56d20t8pgi6ss",
  "fields": {
    "session_data": "MzVjMjQ0YjUzOWI5MjkwODA3ZmRhMTdkYjMwODkzNjljM2ZkZDM2ZDp7Il9hdXRoX3VzZXJfaWQiOiIyMyIsIl9hdXRoX3VzZXJfYmFja2VuZCI6ImRqYW5nby5jb250cmliLmF1dGguYmFja2VuZHMuTW9kZWxCYWNrZW5kIiwiX2F1dGhfdXNlcl9oYXNoIjoiNTY2YTU0ZmRmMjQyNmYzNjYxM2IxYmQ3Yjk0ZGMyZTIxZDcwNDg1NCJ9",
    "expire_date": "2020-09-24T14:40:18.661Z"
  }
},
{
  "model": "competitions.lomba",
  "pk": 7,
  "fields": {
    "name": "Kompetisi Inklusi Keuangan KOINKU 2020, Gratis",
    "description": "<h4>Syarat dan Ketentuan&nbsp;Kompetisi Inklusi Keuangan KOINKU 2020</h4>\r\n\r\n<p>&nbsp;</p>\r\n\r\n<ol>\r\n\t<li>Peserta yang bisa mendaftar dalam lomba ini tentusaja terbuka untuk umum dengan berbeda kategori. Yaitu untuk para akademisi (mahasiswa atau dosen), Lembaga Swadaya Masyarakat (LSM) atau Lembaga Penelitian, dan komunitas ataupun Pelaku Usaha Jasa Keuangan (PUJK) serta masyarakat umum.</li>\r\n\t<li>Peserta dalam lomba ini wajib ya untuk mengikuti seluruh rangkaian kompetisi.</li>\r\n\t<li>Peserta yang berminat ikut dalam ajang ini sangat diharuskan untuk dapat mengirimkan lebih dari satu proposal.</li>\r\n\t<li>Peserta dalam ajang ini juga wajib berdomisili di Indonesia.</li>\r\n\t<li>Kepesertaan bersifat kelompok (minimum 2 orang, maksimum 3 orang), adapun khusus bagi mahasiswa, anggota tim diperbolehkan berasal dari perguruan tinggi yang berbeda dan diperbolehkan lintas fakultas.</li>\r\n\t<li>Seluruh pegawai OJK tidak diperkenankan untuk mengikuti kompetisi, hal ini tentusaja dilakukan demi menjaga integritas OJK</li>\r\n\t<li>Biaya pendaftarab dalam ajang ini adalah gratis</li>\r\n\t<li>Karya yang diikutsertakan dalam lomba adalah karya asli</li>\r\n\t<li>Karya yang diikutsertakan dalam lomba ini juga tidak boleh melebihi deadline pendaftaran</li>\r\n\t<li>Dimana deadline pendaftaran dalam lomba sampai dengan tanggal 30 September 2020</li>\r\n\t<li>Keputusan pemenang dalam lomba ini tidak dapat dianggu gugat</li>\r\n</ol>\r\n",
    "category": 14,
    "jumlahhadiah": "2000000.00",
    "created": "2020-09-10T09:11:03.149Z",
    "deadline": "2020-09-24",
    "tanggalpelaksanaan": "2020-09-23",
    "location": "Jawa Tengah",
    "owner": 23,
    "contact": "08124123082",
    "owner_email": "admin@admin.com",
    "visited": 0,
    "link": "https://www.informasilomba.com/2020/09/kompetisi-inklusi-keuangan-koinku-2020.html",
    "competitions_level": "nasional",
    "participant_level": "umum",
    "image": "poster/koin.png",
    "slug": "kompetisi-inklusi-keuangan-koinku-2020-gratis"
  }
},
{
  "model": "competitions.lomba",
  "pk": 8,
  "fields": {
    "name": "Antis Dispenser Design Competition 2020",
    "description": "<p><strong>Syarat dan Ketentuan&nbsp;Antis Dispenser Design Competition 2020</strong></p>\r\n\r\n<p>&nbsp;</p>\r\n\r\n<ul>\r\n\t<li>Peserta yang mendaftar dalam lomba ini sendiri terbuka bagi masyarakat Indonesia secara umum</li>\r\n\t<li>Peserta bisa berasal dari pelajar, mahasiswa, atau siapapun yang hobi dalam membuat desain</li>\r\n\t<li>Peserta yang berminat ikutan dalam ajang&nbsp;Antis Dispenser Design Competition 2020 ini sendii wajib ya untuk memfollow @antisindonesia dan @kreatif.hub hal ini sebabkan disanalah ada keterangan lomba serta nantinya pengumuman pemenang lomba</li>\r\n\t<li>Peseta yang mendaftar dalam lomba ini dapat dilakukan pada tanggal 26 Agustus sampai dengan batas akhrinya pada tanggal 16 Sepetember 2020</li>\r\n\t<li>Peserta dalam lomba ini juga boleh kok mengumpulkan lebih dari 1 desain</li>\r\n\t<li>Setiap orang yang ikut dalam lomba ini haruslah karya asli ya, no plagiat, no sara, dan tidak melanggar keterangan undang-undang di Indonesia</li>\r\n\t<li>Karya dalam lomba ini bisa dilakukan atau dibuat secara individu ataupun kelompok. Yang pasti ya temen-temen hadiah diberikan untuk per karya saja ya</li>\r\n\t<li>Keputusan pemenang dalam lomba tidak dapat dianggu gugat</li>\r\n\t<li>Biaya pendaftaran dalam lomba desain ini sendiri adalah gratis</li>\r\n</ul>\r\n",
    "category": 15,
    "jumlahhadiah": "135000.00",
    "created": "2020-09-10T09:14:10.437Z",
    "deadline": "2020-09-30",
    "tanggalpelaksanaan": "2020-09-29",
    "location": "Jawa Tengah",
    "owner": 23,
    "contact": "08124123082",
    "owner_email": "admin@admin.com",
    "visited": 0,
    "link": "https://www.informasilomba.com/2020/09/kompetisi-inklusi-keuangan-koinku-2020.html",
    "competitions_level": "nasional",
    "participant_level": "umum",
    "image": "poster/antis.png",
    "slug": "antis-dispenser-design-competition-2020"
  }
},
{
  "model": "competitions.lomba",
  "pk": 9,
  "fields": {
    "name": "Lomba Video Nasional 2020 oleh Biocalci, Gratis",
    "description": "<p><strong>Syarat dan Ketentuan Lomba Video Tingkat Nasional 2020</strong></p>\r\n\r\n<p>&nbsp;</p>\r\n\r\n<ul>\r\n\t<li>Peserta dalam ajang lomba membuat video ini sangat terbuka bagi masyarakat Indonesia secara umum</li>\r\n\t<li>Peserta dalam lomba ini tentusaja harus membuat video yang minimalnya adalah 1 menit</li>\r\n\t<li>Peserta dalam lomba ini juga wajib ya untuk memfollow akun media sosial, khususnya instagram penyelenggara dengan username @biocalci dan @kreatif.hub hal ini disebabkan semua ketentuan dan pengumumannya lomba juga ada disana</li>\r\n\t<li>Peserta dalam lomba ini tidak dipunggut biaya pendaftaran, alias gratis</li>\r\n\t<li>Peserta dalam kompetisi membuta video ini tidak boleh mengandung unsur pornografi, sara, dan hal-hal lainnya yang melanggar Undang-undang di Indonesia</li>\r\n\t<li>Pendaftaran dalam lomba ini bisa dilakukan pada tanggal 14 Agustus 2020 sampai dengan batas akhir pendaftaran pada tanggal 14 September 2020</li>\r\n\t<li>Sedangkan pengumuman pemenang dalam lomba ini akan dilakukan pada tanggal 22 September 2020</li>\r\n\t<li>Keputusan pemenang dalam lomba ini tidak dapat dianggu gugat</li>\r\n\t<li>Oh iya perlu kalian ketahui ya temen-temen bahwa Biocalci adalah suplemen kalsium organik + Ester C untuk bantu menjaga kesehatan tulang dan daya tahan tubuh.</li>\r\n</ul>\r\n\r\n<h4>Hadiah Lomba Video Tingkat Nasional 2020</h4>\r\n\r\n<p>Hadiah yang akan diberikan kepada pemenang dalam lomba ini totalnya adalah 17, 5 juta selain itupula Video para pemenang terpilih akan digabungkan dalam sebuah video iklan.</p>\r\n",
    "category": 11,
    "jumlahhadiah": "1000000.00",
    "created": "2020-09-10T09:17:56.384Z",
    "deadline": "2020-09-29",
    "tanggalpelaksanaan": "2020-09-14",
    "location": "Virgina",
    "owner": 23,
    "contact": "123819381982",
    "owner_email": "admin@admin.com",
    "visited": 0,
    "link": "https://www.informasilomba.com/2020/09/kompetisi-inklusi-keuangan-koinku-2020.html",
    "competitions_level": "lokal",
    "participant_level": "sma",
    "image": "poster/video.jpg",
    "slug": "lomba-video-nasional-2020-oleh-biocalci-gratis"
  }
},
{
  "model": "competitions.lomba",
  "pk": 10,
  "fields": {
    "name": "Lomba Fotografi Nasional 2020 di Penerbit Buku Erlangga",
    "description": "<p><strong>Syarat dan Ketentuan&nbsp;Lomba Fotografi Nasional 2020&nbsp;</strong></p>\r\n\r\n<p>&nbsp;</p>\r\n\r\n<ol>\r\n\t<li>Peserta yang bisa mendaftar dalam ajang lomba ini tentusaja terbuka bagi masyarakat Indonesia secara umum</li>\r\n\t<li>Peserta dalam lomba tidak dpunggut biaya pendaftaran, alias gratis</li>\r\n\t<li>Adapun deadline dalam kompetisi ini sendiri sampai dengan tanggal 31 Agustus 2020</li>\r\n\t<li>Sedangkan pengumuman pemenang dalam lomba ini dilakukan pada tanggal 26 September 2020</li>\r\n\t<li>Peserta dalam ajang lomba ini juga wajib ya untuk memfollow akun instagram penyelenggara dengan @bukuerlangga</li>\r\n\t<li>Foto yang diikutsertakan dalam lomba ini maksimal diambil 6 bulan sebelum lomba di tutup</li>\r\n\t<li>Peserta dalam ajang lomba foto ini haruslah sesuai dengan tema besar dalam acara</li>\r\n\t<li>Dengan juri dalam ajang lomba ini adalah @barrykusuma dan @arbainrambey</li>\r\n\t<li>Keputusan pemenang dalam lomba tidak dapat diangu gugat</li>\r\n</ol>\r\n\r\n<p>&nbsp;</p>\r\n\r\n<p><strong>Hadiah&nbsp;Lomba Fotografi Nasional 2020 di Penerbit Buku Erlangga</strong></p>\r\n\r\n<p>&nbsp;</p>\r\n\r\n<ol>\r\n\t<li>Juara I: Rp 5.000.000</li>\r\n\t<li>Juara II: Rp 4.000.000</li>\r\n\t<li>Juara III: Rp 3.000.000</li>\r\n\t<li>3 Juara Hiburan @Rp1.000.000</li>\r\n</ol>\r\n",
    "category": 12,
    "jumlahhadiah": "1500000.00",
    "created": "2020-09-10T09:26:53.041Z",
    "deadline": "2020-09-28",
    "tanggalpelaksanaan": "2020-09-30",
    "location": "Jakarta",
    "owner": 23,
    "contact": "08124123082",
    "owner_email": "admin@admin.com",
    "visited": 0,
    "link": "https://www.informasilomba.com/2020/09/kompetisi-inklusi-keuangan-koinku-2020.html",
    "competitions_level": "lokal",
    "participant_level": "univ",
    "image": "poster/foto.png",
    "slug": "lomba-fotografi-nasional-2020-di-penerbit-buku-erlangga"
  }
},
{
  "model": "competitions.lomba",
  "pk": 11,
  "fields": {
    "name": "Lomba Desain Logo Nasional 2020 di Badan Otorita Borobudur",
    "description": "<h3>Lomba Desain Logo Nasional 2020 di Badan Otorita Borobudur</h3>\r\n\r\n<p>Perlu kalian pahami bahwa dalam mengikuti kompetisi ini tentusaja kalian tidak perlu membayar biaya pendaftaran. Dengan syarat dan ketentuannya di bawah ini;</p>\r\n\r\n<p>&nbsp;</p>\r\n\r\n<ol>\r\n\t<li>Peserta yang bisa mendaftar dalam lomba ini sangat terbuka untuk masyarakat umum, baik perorangan (bukan merupakan bagian dari badan, organisasi atau kelompok)</li>\r\n\t<li>Peserta dalam lomba hanya diperuntukan untuk WNI (Warga Negara Indonesia) dan tentusaja bukan bagian daripada pegawai Badan Otorita Borobudur</li>\r\n\t<li>Logo yang diikutsertakan dalam lomba haruslah sesuai dengan tugas dan fungsi Badan Otorita Borobudur.</li>\r\n\t<li>Karya oyang diikutsertakan dalam lomba desain ini adalah karya orisinal buatan pribadi</li>\r\n\t<li>Karya yang diikusteratkan dalam lomba tentusaja tidak mengandung unsur SARA dan politik.</li>\r\n\t<li>Karya belum pernah diikutsertakan dalam acara lomba desain logo di mana pun.</li>\r\n\t<li>Penampilan logo sederhana, mudah diingat, fungsional, dan aplikatif.</li>\r\n\t<li>Setiap peserta diperbolehkan mengirim maksimal 2 (dua) karya.</li>\r\n\t<li>Menjelaskan filosofi/arti logo secara ringkas dan padat.</li>\r\n</ol>\r\n\r\n<h4>Hadiah&nbsp;Lomba Desain Logo Nasional 2020 di Badan Otorita Borobudur</h4>\r\n\r\n<p>Hadiah yang diberikan kepada para pemenang dalam lomba ini adalah sebagai berikut;</p>\r\n\r\n<ol>\r\n\t<li>Juara I Rp25 juta</li>\r\n\t<li>Juara II Rp7,5 juta</li>\r\n\t<li>Juara III Rp5 juta</li>\r\n\t<li>Merchandise &amp; sertifikat untuk 7 (tujuh) nomine</li>\r\n</ol>\r\n",
    "category": 15,
    "jumlahhadiah": "1500000.00",
    "created": "2020-09-10T09:49:50.399Z",
    "deadline": "2020-09-10",
    "tanggalpelaksanaan": "2020-09-10",
    "location": "Yogyakarta",
    "owner": 23,
    "contact": "08124123082",
    "owner_email": "admin@admin.com",
    "visited": 0,
    "link": "https://www.informasilomba.com/2020/09/kompetisi-inklusi-keuangan-koinku-2020.html",
    "competitions_level": "nasional",
    "participant_level": "univ",
    "image": "poster/lomba_desain_logo.jpg",
    "slug": "lomba-desain-logo-nasional-2020-di-badan-otorita-borobudur"
  }
},
{
  "model": "competitions.lomba",
  "pk": 12,
  "fields": {
    "name": "SOBAT Competition 2020",
    "description": "<p><strong>Syarat dan Ketentuan&nbsp;SOBAT Competition 2020</strong></p>\r\n\r\n<p>&nbsp;</p>\r\n\r\n<ol>\r\n\t<li>Peserta yang bisa mendaftar dalam lomba ini adalah siswa dan siswi SMK/SMA Sederajat di Indonesia.</li>\r\n\t<li>Peserta bisa berasal dari sekolah swasta ataupun sekolah denga berstatus negeri</li>\r\n\t<li>Setiap pendaftar dalam lomba harus mengirimkan ide inovatif dan kreatif yang dilakukan secara online.</li>\r\n\t<li>Link pendaftaran secara online dalam Sobat Competition 2020 bisa kalian klik http://untr.id/f/sobatcompetition2020&nbsp;disini&nbsp;saja ya&nbsp;</li>\r\n\t<li>Adapun biaya pendaftaran dalam ajang lomba ini sepenuhnya adalah gratis alias free.</li>\r\n\t<li>Keputusan pemenang dalam lomba ini tidak dapat diganggu gugat.</li>\r\n\t<li>Segala hasil karya dalam Sobat Competition 2020 ini menjadi hak milik PT United Tractors Tbk.</li>\r\n\t<li>Batas akhir submit abstrak lomba dalam ajang ini adalah sampai dengan tanggal tanggal 20 Agustus 2020</li>\r\n\t<li>Informasi terkait SOBAT Competition 2020 dapat dilihat di akun Instagram @ceritadi.ut</li>\r\n\t<li>Oh iya, selain itu setiap peserta lomba diwajibkan follow akun Instagram @ceritadi.ut dan memposting foto terbaik tim saat mengikuti proses kegiatan ini, dan menyertakan hashtag #ceritadiut #SOBATCompetition #SOBAT dan tag @ceritadi.ut.</li>\r\n\t<li>Setiap sekolah yang ingin mendaftar dalam lomba hanya diperbolehkan mengirimkan maksimal 5 (lima) karya inovasi terbaiknya pada masing-masing kategori.</li>\r\n\t<li>Peserta harus terdaftar sebagai siswa &amp; guru aktif selama kompetisi berlangsung yang terdiri dari 3 orang siswa dan 1 orang guru pembimbing.</li>\r\n</ol>\r\n",
    "category": 10,
    "jumlahhadiah": "1200000.00",
    "created": "2020-09-10T11:13:26.445Z",
    "deadline": "2020-09-22",
    "tanggalpelaksanaan": "2020-09-23",
    "location": "Bandung",
    "owner": 23,
    "contact": "08124123082",
    "owner_email": "admin@admin.com",
    "visited": 0,
    "link": "https://www.informasilomba.com/2020/09/kompetisi-inklusi-keuangan-koinku-2020.html",
    "competitions_level": "nasional",
    "participant_level": "univ",
    "image": "poster/sobat.png",
    "slug": "sobat-competition-2020"
  }
},
{
  "model": "competitions.lomba",
  "pk": 13,
  "fields": {
    "name": "Lomba Menulis Esai Nasional ICAEC 2020",
    "description": "<p><strong>Sub Tema Lomba</strong><br />\r\n&nbsp;</p>\r\n\r\n<ul>\r\n\t<li>Lingkungan</li>\r\n\t<li>Pendidikan</li>\r\n\t<li>Teknologi</li>\r\n\t<li>Pertanian</li>\r\n\t<li>Energi Terbarukan</li>\r\n</ul>\r\n\r\n<h4>Syarat dan Ketentuan&nbsp;Lomba Menulis Esai Nasional 2020</h4>\r\n\r\n<ul>\r\n\t<li>Peserta dalam ajang agenda ini adalah para mahasiswa/i yang ada di Indonesia</li>\r\n\t<li>Mahasiswa/i yang ada di Indonesia tersebut tentusaja bisa berasal dari PTN ataupun PTS ya, dengan syarat masih berada dalam tingkat pendidikan D3/S1</li>\r\n\t<li>Peserta dalam ajang agenda ini haruslah membuat essay yang sesuai dengan tema</li>\r\n\t<li>Dimana essay yang diikutsertakan dalam kompetisi belum pernah menjadi juara dalam event sejenis</li>\r\n\t<li>Karya yang diikutsertakan dalam&nbsp;Lomba Menulis Esai Nasional ICAEC 2020 ini juga adalah karya asli</li>\r\n\t<li>Karya yang diikutsertakan dalam&nbsp;Lomba Menulis Esai Nasional ICAEC 2020 ini juga tidak boleh melebihi deadline pendaftaran</li>\r\n\t<li>Peserta dalam lomba wajib mengisi formulir secara online, untuk formulir pendaftaran klik&nbsp;dimari&nbsp;dan panduan lengkap lomba bisa kalian klik&nbsp;disini&nbsp;saja ya</li>\r\n\t<li>Keputusan pemenang dalam lomba tidak dapat dianggu gugat</li>\r\n\t<li>Jangan lupa baca juga jadwal&nbsp;lomba 2020</li>\r\n</ul>\r\n\r\n<p><br />\r\n<strong>Timeline&nbsp;Lomba Menulis Esai Nasional ICAEC 2020</strong><br />\r\n&nbsp;</p>\r\n\r\n<ul>\r\n\t<li>1 Agustus - 19 September : Pendaftaran dan Pengumpulan Essay</li>\r\n\t<li>1 Oktober : Pengumuman Finalis</li>\r\n\t<li>2 Oktober : Technical Meeting</li>\r\n\t<li>3 - 17 Oktober : Pengumpulan Video Presentasi</li>\r\n\t<li>31 Oktober : Pengumuman Juara</li>\r\n</ul>\r\n\r\n<p><strong>Hadiah&nbsp;Lomba Menulis Esai Nasional ICAEC 2020</strong></p>\r\n\r\n<p><br />\r\n&nbsp;</p>\r\n\r\n<ul>\r\n\t<li>Juara 1 : Rp. 2.000.000 + E-Sertifikat</li>\r\n\t<li>Juara 2 : Rp. 1.500.000 + E-Sertifikat</li>\r\n\t<li>Juara 3 : Rp. 1.000.000 + E-Sertifikat</li>\r\n\t<li>Juara Favorit : Rp. 500.000 + E-Sertifikat</li>\r\n</ul>\r\n",
    "category": 10,
    "jumlahhadiah": "1900000.00",
    "created": "2020-09-10T11:23:02.578Z",
    "deadline": "2020-09-23",
    "tanggalpelaksanaan": "2020-09-25",
    "location": "Surabaya",
    "owner": 23,
    "contact": "08124123082",
    "owner_email": "admin@admin.com",
    "visited": 0,
    "link": "https://www.informasilomba.com/2020/09/kompetisi-inklusi-keuangan-koinku-2020.html",
    "competitions_level": "nasional",
    "participant_level": "univ",
    "image": "poster/ICAEC_2019_Flyer.png",
    "slug": "lomba-menulis-esai-nasional-icaec-2020"
  }
},
{
  "model": "competitions.lomba",
  "pk": 14,
  "fields": {
    "name": "Exonomic Festival Universitas Indonesia 2020",
    "description": "<p>BUSINESS PLAN COMPETITION ECOFEST UI 2020</p>\r\n\r\n<p>&nbsp;Timeline : 7 September &mdash; 18 November 2020.</p>\r\n\r\n<p>*For further information about the REQUIREMENTS, please kindly check the Guide Book through this link below :<br />\r\nbit.ly/BPCEcoFestUIGuidance</p>\r\n\r\n<p>FREE fee pre-registration!<br />\r\nSo don&rsquo;t miss the chance! Prepare your best team to participate in the BPC ECOFEST UI 2020!</p>\r\n\r\n<p>Registration link :<br />\r\nbit.ly/RegistBPCEcoFestUI</p>\r\n\r\n<p>So what are u waiting for?<br />\r\nPREPARE YOUR BEST TEAM &amp; BE A WINNER</p>\r\n",
    "category": 14,
    "jumlahhadiah": "1200000.00",
    "created": "2020-09-10T13:55:54.599Z",
    "deadline": "2020-10-07",
    "tanggalpelaksanaan": "2020-10-15",
    "location": "Depok, Jakarta",
    "owner": 23,
    "contact": "08124123082",
    "owner_email": "admin@admin.com",
    "visited": 0,
    "link": "https://www.informasilomba.com/2020/09/kompetisi-inklusi-keuangan-koinku-2020.html",
    "competitions_level": "nasional",
    "participant_level": "univ",
    "image": "poster/exo.jpeg",
    "slug": "exonomic-festival-universitas-indonesia-2020"
  }
},
{
  "model": "competitions.lomba",
  "pk": 15,
  "fields": {
    "name": "RnB Business Plan Competition And Seminar Technopreneur",
    "description": "<p>Apa sih RnB BPC 2020 itu?\u2063<br />\r\nRnB Business Plan Competition 2020 merupakan suatu kompetisi ide bisnis mahasiswa pada tingkat Nasional. Acara ini merupakan acara tahunan yang diselenggerakan oleh UKM RnB Universitas Diponegoro.\u2063<br />\r\n\u2063<br />\r\nTema : &ldquo;Teknopreneur Kreatif dan Inovatif sebagai Solusi Perbaikan Ekonomi di Era New Normal&rdquo;\u2063<br />\r\n\u2063<br />\r\nSubtema : \u2063<br />\r\n&radic; Teknologi\u2063<br />\r\n&radic; Pangan\u2063<br />\r\n&radic; Kesehatan\u2063<br />\r\n&radic; Lingkungan\u2063<br />\r\n&radic; Sosial Ekonomi\u2063<br />\r\n&radic; Industri Kreatif\u2063<br />\r\n\u2063<br />\r\nTimeline : \u2063<br />\r\n&nbsp;25 Agustus &ndash; 25 September 2020 \u2063<br />\r\n&bull; Pendaftaran dan Pengiriman BMC &bull;\u2063<br />\r\n&nbsp;29 September 2020\u2063<br />\r\n&bull; Pengumuman Hasil Lolos BMC &bull;\u2063<br />\r\n&nbsp;1 &ndash; 20 Oktober 2020\u2063<br />\r\n&bull; Registrasi dan Pengumpulan Proposal Gelombang 1 &bull;\u2063<br />\r\n&nbsp;21 Oktober &ndash; 10 November 2020\u2063<br />\r\n&bull; Registrasi dan Pengumpulan Proposal Gelombang 2 &bull;\u2063<br />\r\n&nbsp;20 November 2020\u2063<br />\r\n&bull; Pengumuman Lolos Proposal &bull;\u2063<br />\r\n&nbsp;28 November 2020\u2063<br />\r\n&bull; Presentasi 5 besar finalis BPC &bull;\u2063<br />\r\n&nbsp;29 November 2020\u2063<br />\r\n&bull; Seminar Teknopreneur dan Pengumuman Juara BPC &bull;\u2063</p>\r\n",
    "category": 14,
    "jumlahhadiah": "15000000.00",
    "created": "2020-09-10T13:57:11.457Z",
    "deadline": "2020-09-29",
    "tanggalpelaksanaan": "2020-10-01",
    "location": "Jawa Tengah",
    "owner": 23,
    "contact": "08124123082",
    "owner_email": "admin@admin.com",
    "visited": 0,
    "link": "https://www.informasilomba.com/2020/09/kompetisi-inklusi-keuangan-koinku-2020.html",
    "competitions_level": "nasional",
    "participant_level": "univ",
    "image": "poster/rnb.jpg",
    "slug": "rnb-business-plan-competition-and-seminar-technopreneur"
  }
},
{
  "model": "competitions.lomba",
  "pk": 16,
  "fields": {
    "name": "LOMBA FOTOGRAFI TINGKAT NASIONAL",
    "description": "<p>Lomba Fotografi*<br />\r\n*Tema :* Mewujudkan Generasi yang Unggul, Kreatif, Inovatif, dan Berjiwa, Entrepeneurship ditengah Pandemi Covid &ndash; 19 Bersama Pendidikan Ekonomi</p>\r\n\r\n<p>&nbsp;*Timeline*<br />\r\n&bull; Pendaftaran Gelombang I<br />\r\n22 &ndash; 28 Agustus 2020<br />\r\n&bull; Pendaftaran Gelombang II<br />\r\n29 Agustus &ndash; 18 September 2020<br />\r\n&bull; Pengumpulan Karya<br />\r\n19 &ndash; 24 September 2020<br />\r\n&bull; Pengumuman<br />\r\n26 September 2020</p>\r\n\r\n<p>&nbsp;*Hadiah*<br />\r\n&bull; Juara 1 dan 2<br />\r\nE &ndash; Sertifikat + Uang Pembinaan<br />\r\n&bull; Juara Favorit<br />\r\nE &ndash; Sertifikat + Uang Pembinaan<br />\r\n&bull; Semua peserta mendapatkan E &ndash; Sertifikat</p>\r\n\r\n<p>&nbsp;*Biaya Pendaftaran*<br />\r\n&bull; Pendaftaran<br />\r\nRp. 25.000 Diskon Menjadi _Rp. 15.0000 / Karya_</p>\r\n\r\n<p>*Pendaftaran :*<br />\r\nhttps://bit.ly/DAFTARFOTOGRAFI<br />\r\n*Petunjuk Teknis*<br />\r\nhttps://bit.ly/PEDOMANFOTOGRAFI</p>\r\n\r\n<p>*Narahubung :*<br />\r\nhttps://wa.me/+6281367463987 Feri Krisyanti<br />\r\nhttps://wa.me/+628994214780 Nur Azzahra Putri</p>\r\n",
    "category": 12,
    "jumlahhadiah": "10000000.00",
    "created": "2020-09-10T14:00:06.880Z",
    "deadline": "2020-09-29",
    "tanggalpelaksanaan": "2020-10-09",
    "location": "Sulawesi",
    "owner": 23,
    "contact": "08124123082",
    "owner_email": "admin@admin.com",
    "visited": 0,
    "link": "https://www.informasilomba.com/2020/09/kompetisi-inklusi-keuangan-koinku-2020.html",
    "competitions_level": "nasional",
    "participant_level": "sma",
    "image": "poster/fotoo.jpg",
    "slug": "lomba-fotografi-tingkat-nasional"
  }
},
{
  "model": "competitions.lomba",
  "pk": 17,
  "fields": {
    "name": "Lomba Menulis Quotes Islamic Nasional Hadiah Jutaan Rupiah - Islamic Event Corner",
    "description": "<p>Syarat dan Ketentuan Karya</p>\r\n\r\n<ol>\r\n\t<li>Peserta dilarang menambahkan karakter seperti gambar, animasi, dan sejenisnya dalam karya Quotes yang dikirim</li>\r\n\t<li>Naskah yang diikutsertakan belum pernah menang dalam suatu perlombaan dan belum pernah dipublikasikan di media massa manapun.</li>\r\n\t<li>Naskah bukan hasil plagiasi, tidak mengandung SARA, kekerasan, dan pornografi.</li>\r\n\t<li>Penulisan sesuai PUEBI (Pedoman Umum Ejaan Bahasa Indonesia).</li>\r\n\t<li>Naskah akan didiskualifikasi apabila pengiriman melebihi batas waktu deadline, dan ditemukan plagiasi dalam Naskah.</li>\r\n\t<li>Penyelenggara lomba tidak bertanggung jawab jika ditemukan plagiasi di dalam Naskah yang dibuat oleh peserta.</li>\r\n\t<li>Jika ditemukan plagiasi pada karya finalis, maka karya tersebut akan didiskualifikasi dan posisi peringkatnya akan digantikan olehkarya finalis yang ada dibawahnya.</li>\r\n\t<li>Penyelenggara berhak memperbanyak dan mempublikasikan naskah peserta (dengan tetap mencantumkan nama penulis) tanpa memberikan royalti.</li>\r\n\t<li>250 Karya terbaik akan diterbitkan dalam sebuah buku</li>\r\n</ol>\r\n",
    "category": 10,
    "jumlahhadiah": "12000000.00",
    "created": "2020-09-10T14:08:13.207Z",
    "deadline": "2020-09-29",
    "tanggalpelaksanaan": "2020-09-30",
    "location": "Jawa Timur",
    "owner": 23,
    "contact": "08124123082",
    "owner_email": "admin@admin.com",
    "visited": 0,
    "link": "https://www.informasilomba.com/2020/09/kompetisi-inklusi-keuangan-koinku-2020.html",
    "competitions_level": "nasional",
    "participant_level": "umum",
    "image": "poster/loq.jpg",
    "slug": "lomba-menulis-quotes-islamic-nasional-hadiah-jutaan-rupiah-islamic-event-corner"
  }
},
{
  "model": "competitions.lomba",
  "pk": 18,
  "fields": {
    "name": "Lomba Menulis Puisi Total Hadiah 10 juta Rupiah - Literasi Bangsa",
    "description": "<p><strong>Ketentuan Penulisan Karya Puisi</strong></p>\r\n\r\n<ul>\r\n\t<li>Tema puisi &quot;HARAPAN&quot;</li>\r\n\t<li>puisi yang pernah dimuat di situs online / blog&nbsp;<strong>boleh diikutsertakan.</strong></li>\r\n\t<li>Puisi yang pernah dicetak penerbit atau media massa dan yang pernah memenangkan lomba&nbsp;<strong>tidak boleh diikutsertakan</strong></li>\r\n\t<li>karya puisi diketik di microsoft word atau aplikasi sejenis ( boleh menggunakan WPS Office di android / smartphone ) dengan pengaturan ukuran kertas A4 dan margin normal.</li>\r\n\t<li>Jenis dan ukuran font/huruf bebas</li>\r\n\t<li>puisi menggunakan bahasa indonesia yang baik dan benar, sesuai dengan EYD terbaru (PEUBI), boleh menggunakan kata-kata dalam bahasa daerah atau bahasa asing dengan mencantumkan catatan kaki dibagian bawah karya puisi</li>\r\n\t<li>peserta boleh menambhkan karakter seperti gambar, animasi, dan sejenisnya dalam karya puisi yang dikirimkan</li>\r\n\t<li>jika ditemukan plagiasi pada karya puisi pemenang, maka karya tersebut akan didiskualifikasi dan akan diganti oleh peserta peringkat dibawahnya</li>\r\n\t<li>LIterasi Bangsa berhak memperbanyak dan mempublikasikan naskah peseta ( dengan tetap mencantumkan nama penulis )</li>\r\n</ul>\r\n\r\n<p>&nbsp;</p>\r\n",
    "category": 9,
    "jumlahhadiah": "9000000.00",
    "created": "2020-09-10T14:10:04.125Z",
    "deadline": "2020-09-21",
    "tanggalpelaksanaan": "2020-10-01",
    "location": "Sumatera Barat",
    "owner": 23,
    "contact": "08124123082",
    "owner_email": "admin@admin.com",
    "visited": 0,
    "link": "https://www.informasilomba.com/2020/09/kompetisi-inklusi-keuangan-koinku-2020.html",
    "competitions_level": "nasional",
    "participant_level": "umum",
    "image": "poster/literasi.png",
    "slug": "lomba-menulis-puisi-total-hadiah-10-juta-rupiah-literasi-bangsa"
  }
},
{
  "model": "competitions.kategori",
  "pk": 9,
  "fields": {
    "category_name": "Saintek",
    "image": "",
    "slug": "saintek"
  }
},
{
  "model": "competitions.kategori",
  "pk": 10,
  "fields": {
    "category_name": "Essay",
    "image": "",
    "slug": "essay"
  }
},
{
  "model": "competitions.kategori",
  "pk": 11,
  "fields": {
    "category_name": "Video",
    "image": "",
    "slug": "video"
  }
},
{
  "model": "competitions.kategori",
  "pk": 12,
  "fields": {
    "category_name": "Fotografi",
    "image": "",
    "slug": "fotografi"
  }
},
{
  "model": "competitions.kategori",
  "pk": 13,
  "fields": {
    "category_name": "Coding",
    "image": "",
    "slug": "coding"
  }
},
{
  "model": "competitions.kategori",
  "pk": 14,
  "fields": {
    "category_name": "Bisnis",
    "image": "",
    "slug": "bisnis"
  }
},
{
  "model": "competitions.kategori",
  "pk": 15,
  "fields": {
    "category_name": "Desain",
    "image": "",
    "slug": "desain"
  }
},
{
  "model": "admin.logentry",
  "pk": 94,
  "fields": {
    "action_time": "2020-09-07T16:01:23.461Z",
    "user": 23,
    "content_type": 58,
    "object_id": "9",
    "object_repr": "Saintek",
    "action_flag": 1,
    "change_message": "[{\"added\": {}}]"
  }
},
{
  "model": "admin.logentry",
  "pk": 95,
  "fields": {
    "action_time": "2020-09-07T16:01:33.939Z",
    "user": 23,
    "content_type": 58,
    "object_id": "10",
    "object_repr": "Essay",
    "action_flag": 1,
    "change_message": "[{\"added\": {}}]"
  }
},
{
  "model": "admin.logentry",
  "pk": 96,
  "fields": {
    "action_time": "2020-09-07T16:01:40.581Z",
    "user": 23,
    "content_type": 58,
    "object_id": "11",
    "object_repr": "Video",
    "action_flag": 1,
    "change_message": "[{\"added\": {}}]"
  }
},
{
  "model": "admin.logentry",
  "pk": 97,
  "fields": {
    "action_time": "2020-09-07T16:01:45.204Z",
    "user": 23,
    "content_type": 58,
    "object_id": "12",
    "object_repr": "Fotografi",
    "action_flag": 1,
    "change_message": "[{\"added\": {}}]"
  }
},
{
  "model": "admin.logentry",
  "pk": 98,
  "fields": {
    "action_time": "2020-09-07T16:01:50.981Z",
    "user": 23,
    "content_type": 58,
    "object_id": "13",
    "object_repr": "Coding",
    "action_flag": 1,
    "change_message": "[{\"added\": {}}]"
  }
},
{
  "model": "admin.logentry",
  "pk": 99,
  "fields": {
    "action_time": "2020-09-07T16:01:56.018Z",
    "user": 23,
    "content_type": 58,
    "object_id": "14",
    "object_repr": "Bisnis",
    "action_flag": 1,
    "change_message": "[{\"added\": {}}]"
  }
},
{
  "model": "admin.logentry",
  "pk": 100,
  "fields": {
    "action_time": "2020-09-07T16:02:09.979Z",
    "user": 23,
    "content_type": 58,
    "object_id": "15",
    "object_repr": "Desain",
    "action_flag": 1,
    "change_message": "[{\"added\": {}}]"
  }
},
{
  "model": "admin.logentry",
  "pk": 101,
  "fields": {
    "action_time": "2020-09-10T09:08:25.385Z",
    "user": 23,
    "content_type": 57,
    "object_id": "6",
    "object_repr": "asd",
    "action_flag": 3,
    "change_message": ""
  }
},
{
  "model": "admin.logentry",
  "pk": 102,
  "fields": {
    "action_time": "2020-09-10T09:08:26.277Z",
    "user": 23,
    "content_type": 57,
    "object_id": "5",
    "object_repr": "asd",
    "action_flag": 3,
    "change_message": ""
  }
},
{
  "model": "admin.logentry",
  "pk": 103,
  "fields": {
    "action_time": "2020-09-10T09:08:26.437Z",
    "user": 23,
    "content_type": 57,
    "object_id": "4",
    "object_repr": "asd",
    "action_flag": 3,
    "change_message": ""
  }
},
{
  "model": "admin.logentry",
  "pk": 104,
  "fields": {
    "action_time": "2020-09-10T09:08:26.555Z",
    "user": 23,
    "content_type": 57,
    "object_id": "3",
    "object_repr": "asd",
    "action_flag": 3,
    "change_message": ""
  }
},
{
  "model": "admin.logentry",
  "pk": 105,
  "fields": {
    "action_time": "2020-09-10T09:08:26.660Z",
    "user": 23,
    "content_type": 57,
    "object_id": "2",
    "object_repr": "asd",
    "action_flag": 3,
    "change_message": ""
  }
},
{
  "model": "admin.logentry",
  "pk": 106,
  "fields": {
    "action_time": "2020-09-10T09:08:26.778Z",
    "user": 23,
    "content_type": 57,
    "object_id": "1",
    "object_repr": "a",
    "action_flag": 3,
    "change_message": ""
  }
},
{
  "model": "accounts.profile",
  "pk": 11,
  "fields": {
    "user": 22,
    "firstname": "Nico",
    "lastname": "Renaldo",
    "participant_level": "sma",
    "image": "default.jpg",
    "favorite": [],
    "subscribe": [
      10,
      11,
      14
    ]
  }
},
{
  "model": "accounts.profile",
  "pk": 12,
  "fields": {
    "user": 23,
    "firstname": "admin",
    "lastname": "admin",
    "participant_level": "umum",
    "image": "default.jpg",
    "favorite": [],
    "subscribe": []
  }
}
]
