[{"model": "taggit.tag", "pk": 1, "fields": {"name": "Menulis", "slug": "menulis"}}, {"model": "taggit.tag", "pk": 2, "fields": {"name": "Essay", "slug": "essay"}}, {"model": "taggit.tag", "pk": 3, "fields": {"name": "Scientific", "slug": "scientific"}}, {"model": "taggit.tag", "pk": 4, "fields": {"name": "Paper", "slug": "paper"}}, {"model": "taggit.tag", "pk": 5, "fields": {"name": "Siapa", "slug": "siapa"}}, {"model": "taggit.tag", "pk": 6, "fields": {"name": "Siapa sih", "slug": "siapa-sih"}}, {"model": "taggit.tag", "pk": 7, "fields": {"name": "A", "slug": "a"}}, {"model": "taggit.tag", "pk": 8, "fields": {"name": "desain", "slug": "desain"}}, {"model": "taggit.tag", "pk": 9, "fields": {"name": "umum", "slug": "umum"}}, {"model": "taggit.tag", "pk": 10, "fields": {"name": "gratis", "slug": "gratis"}}, {"model": "taggit.tag", "pk": 11, "fields": {"name": "fotografi", "slug": "fotografi"}}, {"model": "contenttypes.contenttype", "fields": {"app_label": "admin", "model": "logentry"}}, {"model": "contenttypes.contenttype", "fields": {"app_label": "auth", "model": "permission"}}, {"model": "contenttypes.contenttype", "fields": {"app_label": "auth", "model": "group"}}, {"model": "contenttypes.contenttype", "fields": {"app_label": "auth", "model": "user"}}, {"model": "contenttypes.contenttype", "fields": {"app_label": "contenttypes", "model": "contenttype"}}, {"model": "contenttypes.contenttype", "fields": {"app_label": "sessions", "model": "session"}}, {"model": "contenttypes.contenttype", "fields": {"app_label": "lomba", "model": "lomba"}}, {"model": "contenttypes.contenttype", "fields": {"app_label": "lomba", "model": "kategori"}}, {"model": "contenttypes.contenttype", "fields": {"app_label": "lomba", "model": "lokasi"}}, {"model": "contenttypes.contenttype", "fields": {"app_label": "competitions", "model": "kategori"}}, {"model": "contenttypes.contenttype", "fields": {"app_label": "competitions", "model": "lomba"}}, {"model": "contenttypes.contenttype", "fields": {"app_label": "accounts", "model": "profile"}}, {"model": "contenttypes.contenttype", "fields": {"app_label": "taggit", "model": "tag"}}, {"model": "contenttypes.contenttype", "fields": {"app_label": "taggit", "model": "taggeditem"}}, {"model": "sessions.session", "pk": "2bmdkvdpoaxeh2iqqx90t2xoslb9e7tn", "fields": {"session_data": "NjBhYjVlM2U5ZTUyMjNkNjlmYzFkMWRhNTlkZmZhNzBkZWU1YThlMTp7Il9hdXRoX3VzZXJfaWQiOiI4IiwiX2F1dGhfdXNlcl9iYWNrZW5kIjoiZGphbmdvLmNvbnRyaWIuYXV0aC5iYWNrZW5kcy5Nb2RlbEJhY2tlbmQiLCJfYXV0aF91c2VyX2hhc2giOiI2NzUyZTU2MGQyZDAwNjQ0OWY3ZTJkMzBkOWUxYWJiODg5NmExOTZiIn0=", "expire_date": "2020-09-16T20:38:15.168"}}, {"model": "sessions.session", "pk": "5c2tj7a2iwqd30qir250b3up5nlrppza", "fields": {"session_data": "OWQ2MGM2MDdlNWJjM2QwMjBiZGQyNWUyOGU1MWJmOTFhYThiZGI5ODp7Il9hdXRoX3VzZXJfaWQiOiIxNSIsIl9hdXRoX3VzZXJfYmFja2VuZCI6ImRqYW5nby5jb250cmliLmF1dGguYmFja2VuZHMuTW9kZWxCYWNrZW5kIiwiX2F1dGhfdXNlcl9oYXNoIjoiYmI3ZWMzMDY1MGYzZmJiOGVkNTZhMDIzZmQwY2E5Yjk1MmVhNDdjYSJ9", "expire_date": "2020-08-21T01:54:52.003"}}, {"model": "sessions.session", "pk": "9h7idllt5dz4qr8pd8s1l00d9gjj6mrg", "fields": {"session_data": "N2Y0ZDBjZGNhNjNjODRjMjFjOWMxMDUxMTA1NGIyNzdhN2I4ZjUwMTp7Il9hdXRoX3VzZXJfaWQiOiI4IiwiX2F1dGhfdXNlcl9iYWNrZW5kIjoiZGphbmdvLmNvbnRyaWIuYXV0aC5iYWNrZW5kcy5Nb2RlbEJhY2tlbmQiLCJfYXV0aF91c2VyX2hhc2giOiJjNTJjNWMyNzBmOGJhYmQzYzUwNTE4MDdjNzA3YTQzZjg4NTE5MTRkIn0=", "expire_date": "2020-08-12T20:47:39.916"}}, {"model": "sessions.session", "pk": "dxvfiz89p7bl70z2eamoiok88b9rja0i", "fields": {"session_data": "NjBhYjVlM2U5ZTUyMjNkNjlmYzFkMWRhNTlkZmZhNzBkZWU1YThlMTp7Il9hdXRoX3VzZXJfaWQiOiI4IiwiX2F1dGhfdXNlcl9iYWNrZW5kIjoiZGphbmdvLmNvbnRyaWIuYXV0aC5iYWNrZW5kcy5Nb2RlbEJhY2tlbmQiLCJfYXV0aF91c2VyX2hhc2giOiI2NzUyZTU2MGQyZDAwNjQ0OWY3ZTJkMzBkOWUxYWJiODg5NmExOTZiIn0=", "expire_date": "2020-09-16T05:02:36.130"}}, {"model": "sessions.session", "pk": "fknogc9hhpxemtk7m92d1r2q0ejagc27", "fields": {"session_data": "N2Y0ZDBjZGNhNjNjODRjMjFjOWMxMDUxMTA1NGIyNzdhN2I4ZjUwMTp7Il9hdXRoX3VzZXJfaWQiOiI4IiwiX2F1dGhfdXNlcl9iYWNrZW5kIjoiZGphbmdvLmNvbnRyaWIuYXV0aC5iYWNrZW5kcy5Nb2RlbEJhY2tlbmQiLCJfYXV0aF91c2VyX2hhc2giOiJjNTJjNWMyNzBmOGJhYmQzYzUwNTE4MDdjNzA3YTQzZjg4NTE5MTRkIn0=", "expire_date": "2020-09-08T16:36:25.435"}}, {"model": "sessions.session", "pk": "lpd4i76cbd22dglkpta9e3gkc5pfsfyy", "fields": {"session_data": "N2Y0ZDBjZGNhNjNjODRjMjFjOWMxMDUxMTA1NGIyNzdhN2I4ZjUwMTp7Il9hdXRoX3VzZXJfaWQiOiI4IiwiX2F1dGhfdXNlcl9iYWNrZW5kIjoiZGphbmdvLmNvbnRyaWIuYXV0aC5iYWNrZW5kcy5Nb2RlbEJhY2tlbmQiLCJfYXV0aF91c2VyX2hhc2giOiJjNTJjNWMyNzBmOGJhYmQzYzUwNTE4MDdjNzA3YTQzZjg4NTE5MTRkIn0=", "expire_date": "2020-09-12T08:56:26.937"}}, {"model": "sessions.session", "pk": "n9b31r6s1dkty6ek6zlbk5sv0dwd5ioh", "fields": {"session_data": "N2Y0ZDBjZGNhNjNjODRjMjFjOWMxMDUxMTA1NGIyNzdhN2I4ZjUwMTp7Il9hdXRoX3VzZXJfaWQiOiI4IiwiX2F1dGhfdXNlcl9iYWNrZW5kIjoiZGphbmdvLmNvbnRyaWIuYXV0aC5iYWNrZW5kcy5Nb2RlbEJhY2tlbmQiLCJfYXV0aF91c2VyX2hhc2giOiJjNTJjNWMyNzBmOGJhYmQzYzUwNTE4MDdjNzA3YTQzZjg4NTE5MTRkIn0=", "expire_date": "2020-08-12T20:47:40.549"}}, {"model": "sessions.session", "pk": "o9xtgcuqv3yoe6wymehc2cd7nf18bt46", "fields": {"session_data": "N2Y0ZDBjZGNhNjNjODRjMjFjOWMxMDUxMTA1NGIyNzdhN2I4ZjUwMTp7Il9hdXRoX3VzZXJfaWQiOiI4IiwiX2F1dGhfdXNlcl9iYWNrZW5kIjoiZGphbmdvLmNvbnRyaWIuYXV0aC5iYWNrZW5kcy5Nb2RlbEJhY2tlbmQiLCJfYXV0aF91c2VyX2hhc2giOiJjNTJjNWMyNzBmOGJhYmQzYzUwNTE4MDdjNzA3YTQzZjg4NTE5MTRkIn0=", "expire_date": "2020-09-06T18:21:15.499"}}, {"model": "sessions.session", "pk": "tgfjeyh9tnnwjb5u1i3xmreh7i15940r", "fields": {"session_data": "NjBhYjVlM2U5ZTUyMjNkNjlmYzFkMWRhNTlkZmZhNzBkZWU1YThlMTp7Il9hdXRoX3VzZXJfaWQiOiI4IiwiX2F1dGhfdXNlcl9iYWNrZW5kIjoiZGphbmdvLmNvbnRyaWIuYXV0aC5iYWNrZW5kcy5Nb2RlbEJhY2tlbmQiLCJfYXV0aF91c2VyX2hhc2giOiI2NzUyZTU2MGQyZDAwNjQ0OWY3ZTJkMzBkOWUxYWJiODg5NmExOTZiIn0=", "expire_date": "2020-09-16T07:24:05.331"}}, {"model": "sessions.session", "pk": "uyt986r399j7mx12i5y74a46lf1k08da", "fields": {"session_data": "N2Y0ZDBjZGNhNjNjODRjMjFjOWMxMDUxMTA1NGIyNzdhN2I4ZjUwMTp7Il9hdXRoX3VzZXJfaWQiOiI4IiwiX2F1dGhfdXNlcl9iYWNrZW5kIjoiZGphbmdvLmNvbnRyaWIuYXV0aC5iYWNrZW5kcy5Nb2RlbEJhY2tlbmQiLCJfYXV0aF91c2VyX2hhc2giOiJjNTJjNWMyNzBmOGJhYmQzYzUwNTE4MDdjNzA3YTQzZjg4NTE5MTRkIn0=", "expire_date": "2020-08-03T15:05:59.645"}}, {"model": "competitions.kategori", "pk": 1, "fields": {"category_name": "Saintek", "image": "", "slug": "saintek"}}, {"model": "competitions.kategori", "pk": 2, "fields": {"category_name": "Biologi", "image": "", "slug": "biologi"}}, {"model": "competitions.kategori", "pk": 3, "fields": {"category_name": "Bisnis", "image": "", "slug": "bisnis"}}, {"model": "competitions.kategori", "pk": 4, "fields": {"category_name": "Desain", "image": "", "slug": "desain"}}, {"model": "competitions.kategori", "pk": 5, "fields": {"category_name": "Video", "image": "", "slug": "video"}}, {"model": "competitions.kategori", "pk": 6, "fields": {"category_name": "Fotografi", "image": "", "slug": "fotografi"}}, {"model": "competitions.kategori", "pk": 7, "fields": {"category_name": "Karya Tulis", "image": "", "slug": "karya-tulis"}}, {"model": "competitions.kategori", "pk": 8, "fields": {"category_name": "Coding", "image": "", "slug": "coding"}}, {"model": "auth.permission", "fields": {"name": "Can add log entry", "content_type": ["admin", "logentry"], "codename": "add_logentry"}}, {"model": "auth.permission", "fields": {"name": "Can change log entry", "content_type": ["admin", "logentry"], "codename": "change_logentry"}}, {"model": "auth.permission", "fields": {"name": "Can delete log entry", "content_type": ["admin", "logentry"], "codename": "delete_logentry"}}, {"model": "auth.permission", "fields": {"name": "Can view log entry", "content_type": ["admin", "logentry"], "codename": "view_logentry"}}, {"model": "auth.permission", "fields": {"name": "Can add permission", "content_type": ["auth", "permission"], "codename": "add_permission"}}, {"model": "auth.permission", "fields": {"name": "Can change permission", "content_type": ["auth", "permission"], "codename": "change_permission"}}, {"model": "auth.permission", "fields": {"name": "Can delete permission", "content_type": ["auth", "permission"], "codename": "delete_permission"}}, {"model": "auth.permission", "fields": {"name": "Can view permission", "content_type": ["auth", "permission"], "codename": "view_permission"}}, {"model": "auth.permission", "fields": {"name": "Can add group", "content_type": ["auth", "group"], "codename": "add_group"}}, {"model": "auth.permission", "fields": {"name": "Can change group", "content_type": ["auth", "group"], "codename": "change_group"}}, {"model": "auth.permission", "fields": {"name": "Can delete group", "content_type": ["auth", "group"], "codename": "delete_group"}}, {"model": "auth.permission", "fields": {"name": "Can view group", "content_type": ["auth", "group"], "codename": "view_group"}}, {"model": "auth.permission", "fields": {"name": "Can add user", "content_type": ["auth", "user"], "codename": "add_user"}}, {"model": "auth.permission", "fields": {"name": "Can change user", "content_type": ["auth", "user"], "codename": "change_user"}}, {"model": "auth.permission", "fields": {"name": "Can delete user", "content_type": ["auth", "user"], "codename": "delete_user"}}, {"model": "auth.permission", "fields": {"name": "Can view user", "content_type": ["auth", "user"], "codename": "view_user"}}, {"model": "auth.permission", "fields": {"name": "Can add content type", "content_type": ["contenttypes", "contenttype"], "codename": "add_contenttype"}}, {"model": "auth.permission", "fields": {"name": "Can change content type", "content_type": ["contenttypes", "contenttype"], "codename": "change_contenttype"}}, {"model": "auth.permission", "fields": {"name": "Can delete content type", "content_type": ["contenttypes", "contenttype"], "codename": "delete_contenttype"}}, {"model": "auth.permission", "fields": {"name": "Can view content type", "content_type": ["contenttypes", "contenttype"], "codename": "view_contenttype"}}, {"model": "auth.permission", "fields": {"name": "Can add session", "content_type": ["sessions", "session"], "codename": "add_session"}}, {"model": "auth.permission", "fields": {"name": "Can change session", "content_type": ["sessions", "session"], "codename": "change_session"}}, {"model": "auth.permission", "fields": {"name": "Can delete session", "content_type": ["sessions", "session"], "codename": "delete_session"}}, {"model": "auth.permission", "fields": {"name": "Can view session", "content_type": ["sessions", "session"], "codename": "view_session"}}, {"model": "auth.permission", "fields": {"name": "Can add lomba", "content_type": ["lomba", "lomba"], "codename": "add_lomba"}}, {"model": "auth.permission", "fields": {"name": "Can change lomba", "content_type": ["lomba", "lomba"], "codename": "change_lomba"}}, {"model": "auth.permission", "fields": {"name": "Can delete lomba", "content_type": ["lomba", "lomba"], "codename": "delete_lomba"}}, {"model": "auth.permission", "fields": {"name": "Can view lomba", "content_type": ["lomba", "lomba"], "codename": "view_lomba"}}, {"model": "auth.permission", "fields": {"name": "Can add kategori", "content_type": ["lomba", "kategori"], "codename": "add_kategori"}}, {"model": "auth.permission", "fields": {"name": "Can change kategori", "content_type": ["lomba", "kategori"], "codename": "change_kategori"}}, {"model": "auth.permission", "fields": {"name": "Can delete kategori", "content_type": ["lomba", "kategori"], "codename": "delete_kategori"}}, {"model": "auth.permission", "fields": {"name": "Can view kategori", "content_type": ["lomba", "kategori"], "codename": "view_kategori"}}, {"model": "auth.permission", "fields": {"name": "Can add lokasi", "content_type": ["lomba", "lokasi"], "codename": "add_lokasi"}}, {"model": "auth.permission", "fields": {"name": "Can change lokasi", "content_type": ["lomba", "lokasi"], "codename": "change_lokasi"}}, {"model": "auth.permission", "fields": {"name": "Can delete lokasi", "content_type": ["lomba", "lokasi"], "codename": "delete_lokasi"}}, {"model": "auth.permission", "fields": {"name": "Can view lokasi", "content_type": ["lomba", "lokasi"], "codename": "view_lokasi"}}, {"model": "auth.permission", "fields": {"name": "Can add kategori", "content_type": ["competitions", "kategori"], "codename": "add_kategori"}}, {"model": "auth.permission", "fields": {"name": "Can change kategori", "content_type": ["competitions", "kategori"], "codename": "change_kategori"}}, {"model": "auth.permission", "fields": {"name": "Can delete kategori", "content_type": ["competitions", "kategori"], "codename": "delete_kategori"}}, {"model": "auth.permission", "fields": {"name": "Can view kategori", "content_type": ["competitions", "kategori"], "codename": "view_kategori"}}, {"model": "auth.permission", "fields": {"name": "Can add lomba", "content_type": ["competitions", "lomba"], "codename": "add_lomba"}}, {"model": "auth.permission", "fields": {"name": "Can change lomba", "content_type": ["competitions", "lomba"], "codename": "change_lomba"}}, {"model": "auth.permission", "fields": {"name": "Can delete lomba", "content_type": ["competitions", "lomba"], "codename": "delete_lomba"}}, {"model": "auth.permission", "fields": {"name": "Can view lomba", "content_type": ["competitions", "lomba"], "codename": "view_lomba"}}, {"model": "auth.permission", "fields": {"name": "Can add profile", "content_type": ["accounts", "profile"], "codename": "add_profile"}}, {"model": "auth.permission", "fields": {"name": "Can change profile", "content_type": ["accounts", "profile"], "codename": "change_profile"}}, {"model": "auth.permission", "fields": {"name": "Can delete profile", "content_type": ["accounts", "profile"], "codename": "delete_profile"}}, {"model": "auth.permission", "fields": {"name": "Can view profile", "content_type": ["accounts", "profile"], "codename": "view_profile"}}, {"model": "auth.permission", "fields": {"name": "Can add tag", "content_type": ["taggit", "tag"], "codename": "add_tag"}}, {"model": "auth.permission", "fields": {"name": "Can change tag", "content_type": ["taggit", "tag"], "codename": "change_tag"}}, {"model": "auth.permission", "fields": {"name": "Can delete tag", "content_type": ["taggit", "tag"], "codename": "delete_tag"}}, {"model": "auth.permission", "fields": {"name": "Can view tag", "content_type": ["taggit", "tag"], "codename": "view_tag"}}, {"model": "auth.permission", "fields": {"name": "Can add tagged item", "content_type": ["taggit", "taggeditem"], "codename": "add_taggeditem"}}, {"model": "auth.permission", "fields": {"name": "Can change tagged item", "content_type": ["taggit", "taggeditem"], "codename": "change_taggeditem"}}, {"model": "auth.permission", "fields": {"name": "Can delete tagged item", "content_type": ["taggit", "taggeditem"], "codename": "delete_taggeditem"}}, {"model": "auth.permission", "fields": {"name": "Can view tagged item", "content_type": ["taggit", "taggeditem"], "codename": "view_taggeditem"}}, {"model": "taggit.taggeditem", "pk": 3, "fields": {"tag": 3, "content_type": ["competitions", "lomba"], "object_id": 10}}, {"model": "taggit.taggeditem", "pk": 4, "fields": {"tag": 4, "content_type": ["competitions", "lomba"], "object_id": 10}}, {"model": "taggit.taggeditem", "pk": 9, "fields": {"tag": 3, "content_type": ["competitions", "lomba"], "object_id": 9}}, {"model": "taggit.taggeditem", "pk": 10, "fields": {"tag": 4, "content_type": ["competitions", "lomba"], "object_id": 9}}, {"model": "taggit.taggeditem", "pk": 11, "fields": {"tag": 5, "content_type": ["competitions", "lomba"], "object_id": 9}}, {"model": "taggit.taggeditem", "pk": 12, "fields": {"tag": 8, "content_type": ["competitions", "lomba"], "object_id": 16}}, {"model": "taggit.taggeditem", "pk": 13, "fields": {"tag": 9, "content_type": ["competitions", "lomba"], "object_id": 16}}, {"model": "taggit.taggeditem", "pk": 14, "fields": {"tag": 10, "content_type": ["competitions", "lomba"], "object_id": 16}}, {"model": "taggit.taggeditem", "pk": 15, "fields": {"tag": 10, "content_type": ["competitions", "lomba"], "object_id": 17}}, {"model": "taggit.taggeditem", "pk": 16, "fields": {"tag": 10, "content_type": ["competitions", "lomba"], "object_id": 18}}, {"model": "taggit.taggeditem", "pk": 17, "fields": {"tag": 11, "content_type": ["competitions", "lomba"], "object_id": 18}}, {"model": "auth.user", "fields": {"password": "pbkdf2_sha256$180000$aRVSLBwY3lNC$ovCMoL4aM3jluX20Y7KER0c7/iy/RpRDA3kaHlV7KQE=", "last_login": "2020-08-07T01:53:42.316", "is_superuser": false, "username": "nicorenaldo", "first_name": "", "last_name": "", "email": "nicorenaldo@rocketmail.com", "is_staff": false, "is_active": true, "date_joined": "2020-07-18T16:00:40.631", "groups": [], "user_permissions": []}}, {"model": "auth.user", "fields": {"password": "pbkdf2_sha256$180000$05RBLLlgIarj$gdfS9SNkTW2YlfhcJ5roBdeoD5XqiExCjObcp6/xHJ0=", "last_login": "2020-09-02T20:38:15.140", "is_superuser": true, "username": "admin1", "first_name": "", "last_name": "", "email": "admin@admin.com", "is_staff": true, "is_active": true, "date_joined": "2020-07-18T16:05:07.463", "groups": [], "user_permissions": []}}, {"model": "auth.user", "fields": {"password": "pbkdf2_sha256$180000$ozIT5Kk2M3xn$djC9E0VPePrQakSg99ol7jb8lw0zz6Vzfv+ofUu20tQ=", "last_login": "2020-07-29T11:07:01.777", "is_superuser": false, "username": "Vianassaaa", "first_name": "", "last_name": "", "email": "nicorenaldo@rocketmail.com", "is_staff": false, "is_active": true, "date_joined": "2020-07-29T11:06:55.468", "groups": [], "user_permissions": []}}, {"model": "auth.user", "fields": {"password": "pbkdf2_sha256$180000$qM9F0Kg3KoZN$lXreUZ/m3kJOjS60YacJzszSbX4AfoMczx4l2wYqedw=", "last_login": "2020-08-25T16:30:46.709", "is_superuser": false, "username": "Gogoo", "first_name": "", "last_name": "", "email": "nicorenaldo@rocketmail.com", "is_staff": false, "is_active": true, "date_joined": "2020-07-29T15:30:57.218", "groups": [], "user_permissions": []}}, {"model": "auth.user", "fields": {"password": "pbkdf2_sha256$180000$FJqnfj61EHxX$IHnNRogzb4dCxdF2lOvk0i65M/qqD5f7iMiTpmx0Cy4=", "last_login": null, "is_superuser": false, "username": "AA22", "first_name": "", "last_name": "", "email": "nicorenaldo@rocketmail.com", "is_staff": false, "is_active": true, "date_joined": "2020-08-31T14:52:24.675", "groups": [], "user_permissions": []}}, {"model": "auth.user", "fields": {"password": "pbkdf2_sha256$180000$dXaNXenN6m3G$BQreEXdXfT9dWQKIgrWfMiGvdwJ+IyUWlIVH412c8eo=", "last_login": null, "is_superuser": false, "username": "nicorenaldo222", "first_name": "", "last_name": "", "email": "nicorenaldo@rocketmail.com", "is_staff": false, "is_active": true, "date_joined": "2020-08-31T14:55:32.182", "groups": [], "user_permissions": []}}, {"model": "auth.user", "fields": {"password": "pbkdf2_sha256$180000$YjaS6AgtPnIA$eVRz4rYgN5xPbHo8s1RqihHpynlMbQ++Md9r3aMudW4=", "last_login": "2020-08-31T14:56:24.252", "is_superuser": false, "username": "nicorenaldo2222", "first_name": "", "last_name": "", "email": "nicorenaldo@rocketmail.com", "is_staff": false, "is_active": true, "date_joined": "2020-08-31T14:56:22.747", "groups": [], "user_permissions": []}}, {"model": "auth.user", "fields": {"password": "pbkdf2_sha256$180000$jUOuG87t7m3e$NJd4GUlGURwLBUfRxNS2GauQPXEQzCKK07StGV8139U=", "last_login": "2020-08-31T14:57:17.207", "is_superuser": false, "username": "nicorenaldo22233", "first_name": "", "last_name": "", "email": "nicorenaldo@rocketmail.com", "is_staff": false, "is_active": true, "date_joined": "2020-08-31T14:57:15.782", "groups": [], "user_permissions": []}}, {"model": "auth.user", "fields": {"password": "pbkdf2_sha256$180000$sE4QSsUDohLu$jOGoNTRfb2EWht/wlHAxJYEu0uC+5rZpAtHXH0hLF9Y=", "last_login": "2020-09-02T07:11:11.751", "is_superuser": false, "username": "komatik", "first_name": "", "last_name": "", "email": "komatik@matik.com", "is_staff": false, "is_active": true, "date_joined": "2020-09-02T07:11:10.055", "groups": [], "user_permissions": []}}, {"model": "auth.user", "fields": {"password": "pbkdf2_sha256$180000$qy0LwGH1PW0g$tJ02wzFbOn+67246/W2SoOAoy8YT0BDvKdyBPWtvNCA=", "last_login": "2020-09-02T07:12:26.421", "is_superuser": false, "username": "komatik2", "first_name": "", "last_name": "", "email": "komatik@komatik.com", "is_staff": false, "is_active": true, "date_joined": "2020-09-02T07:12:22.886", "groups": [], "user_permissions": []}}, {"model": "competitions.lomba", "pk": 9, "fields": {"name": "Call for Essay", "description": "Lorem ipsum dolor sit amet, consectetur adipiscing elit. Quisque porttitor accumsan scelerisque. Morbi id urna sed sem sagittis blandit sit amet eu erat. Donec pulvinar mauris sit amet elit gravida, quis elementum nisi ullamcorper. Quisque et nibh luctus diam gravida lobortis vel ac felis. Orci varius natoque penatibus et magnis dis parturient montes, nascetur ridiculus mus. Nulla imperdiet pretium ornare. Sed lorem erat, volutpat vel volutpat a, tincidunt et sem. Maecenas tempus risus eu nulla", "category": 1, "jumlahhadiah": "1000000.00", "created": "2020-08-07T01:45:50.920", "deadline": "2020-08-07T00:00:00", "tanggalpelaksanaan": "2020-08-22T00:00:00", "location": "Jawa Tengah", "owner": ["admin1"], "contact": "08124123082", "owner_email": "admin@admin.com", "visited": 0, "link": "https://www.google.com/search?q=django+createview+fill+user&oq=django+createview+fill+user&aqs=chrome..69i57j33.8446j0j9&sourceid=chrome&ie=UTF-8", "competitions_level": "nasional", "participant_level": "umum", "active": true, "image": "poster/lomba2.jpg", "slug": "call-for-essay"}}, {"model": "competitions.lomba", "pk": 10, "fields": {"name": "Call for Paper", "description": "Lorem ipsum dolor sit amet, consectetur adipiscing elit. Quisque porttitor accumsan scelerisque. Morbi id urna sed sem sagittis blandit sit amet eu erat. Donec pulvinar mauris sit amet elit gravida, quis elementum nisi ullamcorper. Quisque et nibh luctus diam gravida lobortis vel ac felis. Orci varius natoque penatibus et magnis dis parturient montes, nascetur ridiculus mus. Nulla imperdiet pretium ornare. Sed lorem erat, volutpat vel volutpat a, tincidunt et sem. Maecenas tempus risus eu nulla", "category": 2, "jumlahhadiah": "1000000.00", "created": "2020-08-07T01:46:40.107", "deadline": "2020-08-07T00:00:00", "tanggalpelaksanaan": "2020-08-22T00:00:00", "location": "Kalimantan Barat", "owner": ["admin1"], "contact": "09132090822", "owner_email": "nicorenaldo14@gmail.com", "visited": 0, "link": "http://127.0.0.1:8000/lomba/detail/9-call-for-essay/update/", "competitions_level": "nasional", "participant_level": "umum", "active": true, "image": "poster/lomba1.jpg", "slug": "call-for-paper"}}, {"model": "competitions.lomba", "pk": 11, "fields": {"name": "Lomba Poster Nasional Indisium 2019", "description": "Lorem ipsum dolor sit amet, consectetur adipiscing elit. Quisque porttitor accumsan scelerisque. Morbi id urna sed sem sagittis blandit sit amet eu erat. Donec pulvinar mauris sit amet elit gravida, quis elementum nisi ullamcorper. Quisque et nibh luctus diam gravida lobortis vel ac felis. Orci varius natoque penatibus et magnis dis parturient montes, nascetur ridiculus mus. Nulla imperdiet pretium ornare. Sed lorem erat, volutpat vel volutpat a, tincidunt et sem. Maecenas tempus risus eu nulla", "category": 3, "jumlahhadiah": "1000000.00", "created": "2020-08-07T01:47:31.668", "deadline": "2020-08-07T01:47:31.668", "tanggalpelaksanaan": "2020-08-22T06:00:11.134", "location": "Jakarta", "owner": ["nicorenaldo"], "contact": "01923012830", "owner_email": null, "visited": 0, "link": null, "competitions_level": "nasional", "participant_level": "umum", "active": true, "image": "poster/lomba3.jpg", "slug": "lomba-poster-nasional-indisium-2019"}}, {"model": "competitions.lomba", "pk": 12, "fields": {"name": "HMTI Festival 2020", "description": "Lorem ipsum dolor sit amet, consectetur adipiscing elit. Quisque porttitor accumsan scelerisque. Morbi id urna sed sem sagittis blandit sit amet eu erat. Donec pulvinar mauris sit amet elit gravida, quis elementum nisi ullamcorper. Quisque et nibh luctus diam gravida lobortis vel ac felis. Orci varius natoque penatibus et magnis dis parturient montes, nascetur ridiculus mus. Nulla imperdiet pretium ornare. Sed lorem erat, volutpat vel volutpat a, tincidunt et sem. Maecenas tempus risus eu nulla", "category": 2, "jumlahhadiah": "1000000.00", "created": "2020-08-07T01:48:07.450", "deadline": "2020-08-07T01:48:07.450", "tanggalpelaksanaan": "2020-08-22T06:00:11.134", "location": "Virginia", "owner": ["nicorenaldo"], "contact": "123819381982", "owner_email": null, "visited": 0, "link": null, "competitions_level": "nasional", "participant_level": "umum", "active": true, "image": "poster/lomba4.jpg", "slug": "hmti-festival-2020"}}, {"model": "competitions.lomba", "pk": 13, "fields": {"name": "Lomba Karya Tulis Ilmiah Nasional", "description": "Lorem ipsum dolor sit amet, consectetur adipiscing elit. Quisque porttitor accumsan scelerisque. Morbi id urna sed sem sagittis blandit sit amet eu erat. Donec pulvinar mauris sit amet elit gravida, quis elementum nisi ullamcorper. Quisque et nibh luctus diam gravida lobortis vel ac felis. Orci varius natoque penatibus et magnis dis parturient montes, nascetur ridiculus mus. Nulla imperdiet pretium ornare. Sed lorem erat, volutpat vel volutpat a, tincidunt et sem. Maecenas tempus risus eu nulla", "category": 3, "jumlahhadiah": "1000000.00", "created": "2020-08-07T01:48:45.579", "deadline": "2020-08-07T01:48:45.579", "tanggalpelaksanaan": "2020-08-22T06:00:11.134", "location": "Solo, Indonesia", "owner": ["nicorenaldo"], "contact": "0812388081239", "owner_email": null, "visited": 0, "link": null, "competitions_level": "nasional", "participant_level": "umum", "active": true, "image": "poster/lomba5.jpg", "slug": "lomba-karya-tulis-ilmiah-nasional"}}, {"model": "competitions.lomba", "pk": 14, "fields": {"name": "Business Plan Competition 2020", "description": "Lorem ipsum dolor sit amet, consectetur adipiscing elit. Quisque porttitor accumsan scelerisque. Morbi id urna sed sem sagittis blandit sit amet eu erat. Donec pulvinar mauris sit amet elit gravida, quis elementum nisi ullamcorper. Quisque et nibh luctus diam gravida lobortis vel ac felis. Orci varius natoque penatibus et magnis dis parturient montes, nascetur ridiculus mus. Nulla imperdiet pretium ornare. Sed lorem erat, volutpat vel volutpat a, tincidunt et sem. Maecenas tempus risus eu nulla", "category": 3, "jumlahhadiah": "1000000.00", "created": "2020-08-07T01:49:25.005", "deadline": "2020-08-07T01:49:25.005", "tanggalpelaksanaan": "2020-08-22T06:00:11.134", "location": "Malang, Indonesia", "owner": ["Gogoo"], "contact": "081203801238", "owner_email": null, "visited": 0, "link": null, "competitions_level": "nasional", "participant_level": "umum", "active": true, "image": "poster/lomba6.jpg", "slug": "business-plan-competition-2020"}}, {"model": "competitions.lomba", "pk": 15, "fields": {"name": "LKTIN PIS 2020", "description": "Lorem ipsum dolor sit amet, consectetur adipiscing elit. Quisque porttitor accumsan scelerisque. Morbi id urna sed sem sagittis blandit sit amet eu erat. Donec pulvinar mauris sit amet elit gravida, quis elementum nisi ullamcorper. Quisque et nibh luctus diam gravida lobortis vel ac felis. Orci varius natoque penatibus et magnis dis parturient montes, nascetur ridiculus mus. Nulla imperdiet pretium ornare. Sed lorem erat, volutpat vel volutpat a, tincidunt et sem. Maecenas tempus risus eu nulla", "category": 1, "jumlahhadiah": "1000000.00", "created": "2020-08-07T01:49:53.450", "deadline": "2020-08-07T01:49:53.450", "tanggalpelaksanaan": "2020-08-22T06:00:11.134", "location": "Bandung, Indonesia", "owner": ["Gogoo"], "contact": "12390190230", "owner_email": null, "visited": 0, "link": null, "competitions_level": "nasional", "participant_level": "umum", "active": true, "image": "poster/lomba7.jpg", "slug": "lktin-pis-2020"}}, {"model": "competitions.lomba", "pk": 16, "fields": {"name": "Antis Dispenser Design Competition 2020", "description": "<h4><strong>Syarat dan Ketentuan&nbsp;Antis Dispenser Design Competition 2020</strong></h4>\r\n\r\n<ul>\r\n\t<li>Peserta yang mendaftar dalam lomba ini sendiri terbuka bagi masyarakat Indonesia secara umum</li>\r\n\t<li>Peserta bisa berasal dari pelajar, mahasiswa, atau siapapun yang hobi dalam membuat desain</li>\r\n\t<li>Peserta yang berminat ikutan dalam ajang&nbsp;Antis Dispenser Design Competition 2020 ini sendii wajib ya untuk memfollow @antisindonesia dan @kreatif.hub hal ini sebabkan disanalah ada keterangan lomba serta nantinya pengumuman pemenang lomba</li>\r\n\t<li>Peseta yang mendaftar dalam lomba ini dapat dilakukan pada tanggal 26 Agustus sampai dengan batas akhrinya pada tanggal 16 Sepetember 2020</li>\r\n\t<li>Peserta dalam lomba ini juga boleh kok mengumpulkan lebih dari 1 desain</li>\r\n\t<li>Setiap orang yang ikut dalam lomba ini haruslah karya asli ya, no plagiat, no sara, dan tidak melanggar keterangan undang-undang di Indonesia</li>\r\n\t<li>Karya dalam lomba ini bisa dilakukan atau dibuat secara individu ataupun kelompok. Yang pasti ya temen-temen hadiah diberikan untuk per karya saja ya</li>\r\n\t<li>Keputusan pemenang dalam lomba tidak dapat dianggu gugat</li>\r\n\t<li>Biaya pendaftaran dalam lomba desain ini sendiri adalah gratis</li>\r\n</ul>\r\n\r\n<h4><strong>Hadiah&nbsp;Antis Dispenser Design Competition 2020</strong></h4>\r\n\r\n<p>hadiah yang akan diberikan kepada setiap pemenang dalam lomba ini hingga 13,5 juta rupiah</p>\r\n", "category": 4, "jumlahhadiah": "1000000.00", "created": "2020-09-01T15:24:52.024", "deadline": "2020-09-01T00:00:00", "tanggalpelaksanaan": "2020-09-30T00:00:00", "location": "Jawa Tengah", "owner": ["admin1"], "contact": "08124123082", "owner_email": "admin@admin.com", "visited": 0, "link": "https://www.informasilomba.com/2020/08/antis-dispenser-design-competition-2020.html", "competitions_level": "nasional", "participant_level": "umum", "active": true, "image": "poster/1.png", "slug": "antis-dispenser-design-competition-2020"}}, {"model": "competitions.lomba", "pk": 17, "fields": {"name": "Lomba Video Nasional 2020 oleh Biocalci", "description": "<p><strong>Syarat dan Ketentuan Lomba Video Tingkat Nasional 2020</strong></p>\r\n\r\n<p>&nbsp;</p>\r\n\r\n<ul>\r\n\t<li style=\"margin-left: 40px;\">Peserta dalam ajang lomba membuat video ini sangat terbuka bagi masyarakat Indonesia secara umum</li>\r\n\t<li style=\"margin-left: 40px;\">Peserta dalam lomba ini tentusaja harus membuat video yang minimalnya adalah 1 menit</li>\r\n\t<li style=\"margin-left: 40px;\">Peserta dalam lomba ini juga wajib ya untuk memfollow akun media sosial, khususnya instagram penyelenggara dengan username @biocalci dan @kreatif.hub hal ini disebabkan semua ketentuan dan pengumumannya lomba juga ada disana</li>\r\n\t<li style=\"margin-left: 40px;\">Peserta dalam lomba ini tidak dipunggut biaya pendaftaran, alias gratis</li>\r\n\t<li style=\"margin-left: 40px;\">Peserta dalam kompetisi membuta video ini tidak boleh mengandung unsur pornografi, sara, dan hal-hal lainnya yang melanggar Undang-undang di Indonesia</li>\r\n\t<li style=\"margin-left: 40px;\">Pendaftaran dalam lomba ini bisa dilakukan pada tanggal 14 Agustus 2020 sampai dengan batas akhir pendaftaran pada tanggal 14 September 2020</li>\r\n\t<li style=\"margin-left: 40px;\">Sedangkan pengumuman pemenang dalam lomba ini akan dilakukan pada tanggal 22 September 2020</li>\r\n\t<li style=\"margin-left: 40px;\">Keputusan pemenang dalam lomba ini tidak dapat dianggu gugat</li>\r\n\t<li style=\"margin-left: 40px;\">Oh iya perlu kalian ketahui ya temen-temen bahwa Biocalci adalah suplemen kalsium organik + Ester C untuk bantu menjaga kesehatan tulang dan daya tahan tubuh.</li>\r\n</ul>\r\n\r\n<h4>Hadiah Lomba Video Tingkat Nasional 2020</h4>\r\n\r\n<p>Hadiah yang akan diberikan kepada pemenang dalam lomba ini totalnya adalah 17, 5 juta selain itupula Video para pemenang terpilih akan digabungkan dalam sebuah video iklan.</p>\r\n", "category": 5, "jumlahhadiah": "1000000.00", "created": "2020-09-01T17:00:50.393", "deadline": "2020-09-25T00:00:00", "tanggalpelaksanaan": "2020-09-30T00:00:00", "location": "Jawa Tengah", "owner": ["admin1"], "contact": "08124123082", "owner_email": "admin@admin.com", "visited": 0, "link": "https://www.informasilomba.com/", "competitions_level": "nasional", "participant_level": "umum", "active": true, "image": "poster/2_CtO9wfE.jpg", "slug": "lomba-video-nasional-2020-oleh-biocalci"}}, {"model": "competitions.lomba", "pk": 18, "fields": {"name": "Lomba Fotografi Nasional 2020 di Penerbit Buku Erlangga", "description": "<p><strong>Syarat dan Ketentuan&nbsp;Lomba Fotografi Nasional 2020&nbsp;</strong></p>\r\n\r\n<p>&nbsp;</p>\r\n\r\n<ol>\r\n\t<li>Peserta yang bisa mendaftar dalam ajang lomba ini tentusaja terbuka bagi masyarakat Indonesia secara umum</li>\r\n\t<li>Peserta dalam lomba tidak dpunggut biaya pendaftaran, alias gratis</li>\r\n\t<li>Adapun deadline dalam kompetisi ini sendiri sampai dengan tanggal 31 Agustus 2020</li>\r\n\t<li>Sedangkan pengumuman pemenang dalam lomba ini dilakukan pada tanggal 26 September 2020</li>\r\n\t<li>Peserta dalam ajang lomba ini juga wajib ya untuk memfollow akun instagram penyelenggara dengan @bukuerlangga</li>\r\n\t<li>Foto yang diikutsertakan dalam lomba ini maksimal diambil 6 bulan sebelum lomba di tutup</li>\r\n\t<li>Peserta dalam ajang lomba foto ini haruslah sesuai dengan tema besar dalam acara</li>\r\n\t<li>Dengan juri dalam ajang lomba ini adalah @barrykusuma dan @arbainrambey</li>\r\n\t<li>Keputusan pemenang dalam lomba tidak dapat diangu gugat</li>\r\n</ol>\r\n\r\n<p>&nbsp;</p>\r\n\r\n<p><strong>Hadiah&nbsp;Lomba Fotografi Nasional 2020 di Penerbit Buku Erlangga</strong></p>\r\n\r\n<p>&nbsp;</p>\r\n\r\n<ol>\r\n\t<li>Juara I: Rp 5.000.000</li>\r\n\t<li>Juara II: Rp 4.000.000</li>\r\n\t<li>Juara III: Rp 3.000.000</li>\r\n\t<li>3 Juara Hiburan @Rp1.000.000</li>\r\n</ol>\r\n", "category": 6, "jumlahhadiah": "1000000.00", "created": "2020-09-01T17:05:14.353", "deadline": "2020-09-24T00:00:00", "tanggalpelaksanaan": "2020-09-30T00:00:00", "location": "Jakarta", "owner": ["admin1"], "contact": "08124123082", "owner_email": "admin@admin.com", "visited": 0, "link": "http://127.0.0.1:8000/lomba/detail/9-call-for-essay/update/", "competitions_level": "nasional", "participant_level": "umum", "active": true, "image": "poster/3.png", "slug": "lomba-fotografi-nasional-2020-di-penerbit-buku-erlangga"}}, {"model": "admin.logentry", "pk": 43, "fields": {"action_time": "2020-07-18T16:05:45.431", "user": ["admin1"], "content_type": ["competitions", "kategori"], "object_id": "1", "object_repr": "Saintek", "action_flag": 1, "change_message": "[{\"added\": {}}]"}}, {"model": "admin.logentry", "pk": 44, "fields": {"action_time": "2020-07-19T19:49:18.725", "user": ["admin1"], "content_type": ["competitions", "lomba"], "object_id": "1", "object_repr": "Lomba1", "action_flag": 1, "change_message": "[{\"added\": {}}]"}}, {"model": "admin.logentry", "pk": 45, "fields": {"action_time": "2020-07-20T14:16:05.597", "user": ["admin1"], "content_type": ["competitions", "lomba"], "object_id": "21", "object_repr": "G50", "action_flag": 3, "change_message": ""}}, {"model": "admin.logentry", "pk": 46, "fields": {"action_time": "2020-07-20T14:16:05.681", "user": ["admin1"], "content_type": ["competitions", "lomba"], "object_id": "20", "object_repr": "G55", "action_flag": 3, "change_message": ""}}, {"model": "admin.logentry", "pk": 47, "fields": {"action_time": "2020-07-20T14:16:05.792", "user": ["admin1"], "content_type": ["competitions", "lomba"], "object_id": "19", "object_repr": "G3", "action_flag": 3, "change_message": ""}}, {"model": "admin.logentry", "pk": 48, "fields": {"action_time": "2020-07-20T14:16:05.886", "user": ["admin1"], "content_type": ["competitions", "lomba"], "object_id": "18", "object_repr": "G3", "action_flag": 3, "change_message": ""}}, {"model": "admin.logentry", "pk": 49, "fields": {"action_time": "2020-07-20T14:16:06.035", "user": ["admin1"], "content_type": ["competitions", "lomba"], "object_id": "17", "object_repr": "G2", "action_flag": 3, "change_message": ""}}, {"model": "admin.logentry", "pk": 50, "fields": {"action_time": "2020-07-20T14:16:06.151", "user": ["admin1"], "content_type": ["competitions", "lomba"], "object_id": "16", "object_repr": "G1", "action_flag": 3, "change_message": ""}}, {"model": "admin.logentry", "pk": 51, "fields": {"action_time": "2020-07-20T14:16:06.294", "user": ["admin1"], "content_type": ["competitions", "lomba"], "object_id": "15", "object_repr": "123", "action_flag": 3, "change_message": ""}}, {"model": "admin.logentry", "pk": 52, "fields": {"action_time": "2020-07-20T14:16:06.388", "user": ["admin1"], "content_type": ["competitions", "lomba"], "object_id": "14", "object_repr": "A", "action_flag": 3, "change_message": ""}}, {"model": "admin.logentry", "pk": 53, "fields": {"action_time": "2020-07-20T14:16:06.494", "user": ["admin1"], "content_type": ["competitions", "lomba"], "object_id": "13", "object_repr": "A", "action_flag": 3, "change_message": ""}}, {"model": "admin.logentry", "pk": 54, "fields": {"action_time": "2020-07-20T14:16:06.577", "user": ["admin1"], "content_type": ["competitions", "lomba"], "object_id": "12", "object_repr": "33", "action_flag": 3, "change_message": ""}}, {"model": "admin.logentry", "pk": 55, "fields": {"action_time": "2020-07-20T14:16:06.682", "user": ["admin1"], "content_type": ["competitions", "lomba"], "object_id": "11", "object_repr": "33", "action_flag": 3, "change_message": ""}}, {"model": "admin.logentry", "pk": 56, "fields": {"action_time": "2020-07-20T14:16:06.853", "user": ["admin1"], "content_type": ["competitions", "lomba"], "object_id": "10", "object_repr": "33", "action_flag": 3, "change_message": ""}}, {"model": "admin.logentry", "pk": 57, "fields": {"action_time": "2020-07-20T14:16:07.057", "user": ["admin1"], "content_type": ["competitions", "lomba"], "object_id": "9", "object_repr": "33", "action_flag": 3, "change_message": ""}}, {"model": "admin.logentry", "pk": 58, "fields": {"action_time": "2020-07-20T14:16:07.205", "user": ["admin1"], "content_type": ["competitions", "lomba"], "object_id": "8", "object_repr": "123", "action_flag": 3, "change_message": ""}}, {"model": "admin.logentry", "pk": 59, "fields": {"action_time": "2020-07-20T14:16:07.306", "user": ["admin1"], "content_type": ["competitions", "lomba"], "object_id": "7", "object_repr": "123", "action_flag": 3, "change_message": ""}}, {"model": "admin.logentry", "pk": 60, "fields": {"action_time": "2020-07-20T14:16:07.433", "user": ["admin1"], "content_type": ["competitions", "lomba"], "object_id": "6", "object_repr": "123", "action_flag": 3, "change_message": ""}}, {"model": "admin.logentry", "pk": 61, "fields": {"action_time": "2020-07-20T14:16:07.526", "user": ["admin1"], "content_type": ["competitions", "lomba"], "object_id": "5", "object_repr": "Lomba5", "action_flag": 3, "change_message": ""}}, {"model": "admin.logentry", "pk": 62, "fields": {"action_time": "2020-07-20T14:16:07.632", "user": ["admin1"], "content_type": ["competitions", "lomba"], "object_id": "4", "object_repr": "Lomba4", "action_flag": 3, "change_message": ""}}, {"model": "admin.logentry", "pk": 63, "fields": {"action_time": "2020-07-20T14:16:07.725", "user": ["admin1"], "content_type": ["competitions", "lomba"], "object_id": "3", "object_repr": "Lomba3", "action_flag": 3, "change_message": ""}}, {"model": "admin.logentry", "pk": 64, "fields": {"action_time": "2020-07-20T14:16:07.809", "user": ["admin1"], "content_type": ["competitions", "lomba"], "object_id": "2", "object_repr": "Lomba2", "action_flag": 3, "change_message": ""}}, {"model": "admin.logentry", "pk": 65, "fields": {"action_time": "2020-07-20T14:16:07.913", "user": ["admin1"], "content_type": ["competitions", "lomba"], "object_id": "1", "object_repr": "Lomba1", "action_flag": 3, "change_message": ""}}, {"model": "admin.logentry", "pk": 66, "fields": {"action_time": "2020-07-20T14:32:51.214", "user": ["admin1"], "content_type": ["competitions", "lomba"], "object_id": "1", "object_repr": "Lomba55", "action_flag": 2, "change_message": "[{\"changed\": {\"fields\": [\"Name\"]}}]"}}, {"model": "admin.logentry", "pk": 67, "fields": {"action_time": "2020-07-20T14:33:38.187", "user": ["admin1"], "content_type": ["competitions", "lomba"], "object_id": "1", "object_repr": "Lomba55", "action_flag": 3, "change_message": ""}}, {"model": "admin.logentry", "pk": 68, "fields": {"action_time": "2020-07-26T00:50:31.838", "user": ["admin1"], "content_type": ["competitions", "kategori"], "object_id": "2", "object_repr": "Biologi", "action_flag": 1, "change_message": "[{\"added\": {}}]"}}, {"model": "admin.logentry", "pk": 69, "fields": {"action_time": "2020-07-26T00:50:44.898", "user": ["admin1"], "content_type": ["competitions", "kategori"], "object_id": "3", "object_repr": "Business", "action_flag": 1, "change_message": "[{\"added\": {}}]"}}, {"model": "admin.logentry", "pk": 70, "fields": {"action_time": "2020-07-26T01:00:34.953", "user": ["admin1"], "content_type": ["competitions", "kategori"], "object_id": "3", "object_repr": "Business", "action_flag": 2, "change_message": "[]"}}, {"model": "admin.logentry", "pk": 71, "fields": {"action_time": "2020-07-26T01:00:38.772", "user": ["admin1"], "content_type": ["competitions", "kategori"], "object_id": "2", "object_repr": "Biologi", "action_flag": 2, "change_message": "[]"}}, {"model": "admin.logentry", "pk": 72, "fields": {"action_time": "2020-07-26T01:00:41.828", "user": ["admin1"], "content_type": ["competitions", "kategori"], "object_id": "1", "object_repr": "Saintek", "action_flag": 2, "change_message": "[]"}}, {"model": "admin.logentry", "pk": 73, "fields": {"action_time": "2020-07-28T06:32:43.473", "user": ["admin1"], "content_type": ["accounts", "profile"], "object_id": "1", "object_repr": "nicorenaldo Profile", "action_flag": 1, "change_message": "[{\"added\": {}}]"}}, {"model": "admin.logentry", "pk": 74, "fields": {"action_time": "2020-07-28T06:35:44.177", "user": ["admin1"], "content_type": ["accounts", "profile"], "object_id": "2", "object_repr": "admin1 Profile", "action_flag": 1, "change_message": "[{\"added\": {}}]"}}, {"model": "admin.logentry", "pk": 75, "fields": {"action_time": "2020-08-07T01:41:00.975", "user": ["admin1"], "content_type": ["competitions", "lomba"], "object_id": "8", "object_repr": "Terbaru", "action_flag": 3, "change_message": ""}}, {"model": "admin.logentry", "pk": 76, "fields": {"action_time": "2020-08-07T01:41:01.228", "user": ["admin1"], "content_type": ["competitions", "lomba"], "object_id": "7", "object_repr": "Gila ya", "action_flag": 3, "change_message": ""}}, {"model": "admin.logentry", "pk": 77, "fields": {"action_time": "2020-08-07T01:41:01.377", "user": ["admin1"], "content_type": ["competitions", "lomba"], "object_id": "6", "object_repr": "Bikin cucu", "action_flag": 3, "change_message": ""}}, {"model": "admin.logentry", "pk": 78, "fields": {"action_time": "2020-08-07T01:41:01.550", "user": ["admin1"], "content_type": ["competitions", "lomba"], "object_id": "4", "object_repr": "Gilak2", "action_flag": 3, "change_message": ""}}, {"model": "admin.logentry", "pk": 79, "fields": {"action_time": "2020-08-07T01:41:01.716", "user": ["admin1"], "content_type": ["competitions", "lomba"], "object_id": "3", "object_repr": "Nico<<", "action_flag": 3, "change_message": ""}}, {"model": "admin.logentry", "pk": 80, "fields": {"action_time": "2020-08-07T01:41:01.926", "user": ["admin1"], "content_type": ["competitions", "lomba"], "object_id": "2", "object_repr": "Lomba3338t", "action_flag": 3, "change_message": ""}}, {"model": "admin.logentry", "pk": 81, "fields": {"action_time": "2020-08-07T01:42:24.878", "user": ["admin1"], "content_type": ["auth", "user"], "object_id": "12", "object_repr": "1", "action_flag": 3, "change_message": ""}}, {"model": "admin.logentry", "pk": 82, "fields": {"action_time": "2020-08-07T01:42:25.039", "user": ["admin1"], "content_type": ["auth", "user"], "object_id": "10", "object_repr": "Babba2", "action_flag": 3, "change_message": ""}}, {"model": "admin.logentry", "pk": 83, "fields": {"action_time": "2020-08-07T01:42:25.168", "user": ["admin1"], "content_type": ["auth", "user"], "object_id": "11", "object_repr": "Gandhi", "action_flag": 3, "change_message": ""}}, {"model": "admin.logentry", "pk": 84, "fields": {"action_time": "2020-08-07T01:42:25.317", "user": ["admin1"], "content_type": ["auth", "user"], "object_id": "14", "object_repr": "Gogo", "action_flag": 3, "change_message": ""}}, {"model": "admin.logentry", "pk": 85, "fields": {"action_time": "2020-08-07T01:42:25.456", "user": ["admin1"], "content_type": ["auth", "user"], "object_id": "9", "object_repr": "afnersirait", "action_flag": 3, "change_message": ""}}, {"model": "admin.logentry", "pk": 86, "fields": {"action_time": "2020-08-25T15:37:44.042", "user": ["admin1"], "content_type": ["accounts", "profile"], "object_id": "2", "object_repr": "admin1 Profile", "action_flag": 2, "change_message": "[{\"changed\": {\"fields\": [\"Favorite\"]}}]"}}, {"model": "admin.logentry", "pk": 87, "fields": {"action_time": "2020-09-01T15:19:27.629", "user": ["admin1"], "content_type": ["competitions", "kategori"], "object_id": "4", "object_repr": "Desain", "action_flag": 1, "change_message": "[{\"added\": {}}]"}}, {"model": "admin.logentry", "pk": 88, "fields": {"action_time": "2020-09-01T15:19:34.621", "user": ["admin1"], "content_type": ["competitions", "kategori"], "object_id": "3", "object_repr": "Bisnis", "action_flag": 2, "change_message": "[{\"changed\": {\"fields\": [\"Category name\"]}}]"}}, {"model": "admin.logentry", "pk": 89, "fields": {"action_time": "2020-09-01T15:19:40.689", "user": ["admin1"], "content_type": ["competitions", "kategori"], "object_id": "3", "object_repr": "Bisnis", "action_flag": 2, "change_message": "[{\"changed\": {\"fields\": [\"Slug\"]}}]"}}, {"model": "admin.logentry", "pk": 90, "fields": {"action_time": "2020-09-01T15:19:58.641", "user": ["admin1"], "content_type": ["competitions", "kategori"], "object_id": "5", "object_repr": "Video", "action_flag": 1, "change_message": "[{\"added\": {}}]"}}, {"model": "admin.logentry", "pk": 91, "fields": {"action_time": "2020-09-01T15:20:07.830", "user": ["admin1"], "content_type": ["competitions", "kategori"], "object_id": "6", "object_repr": "Fotografi", "action_flag": 1, "change_message": "[{\"added\": {}}]"}}, {"model": "admin.logentry", "pk": 92, "fields": {"action_time": "2020-09-01T15:20:17.017", "user": ["admin1"], "content_type": ["competitions", "kategori"], "object_id": "7", "object_repr": "Karya Tulis", "action_flag": 1, "change_message": "[{\"added\": {}}]"}}, {"model": "admin.logentry", "pk": 93, "fields": {"action_time": "2020-09-01T15:20:44.303", "user": ["admin1"], "content_type": ["competitions", "kategori"], "object_id": "8", "object_repr": "Coding", "action_flag": 1, "change_message": "[{\"added\": {}}]"}}, {"model": "accounts.profile", "pk": 1, "fields": {"user": ["nicorenaldo"], "firstname": "", "lastname": "", "participant_level": "umum", "image": "profile_pics/97e42a82fc7911961d3ca55f54d1372c_e22JA8i.jpg", "favorite": []}}, {"model": "accounts.profile", "pk": 2, "fields": {"user": ["admin1"], "firstname": "Nico", "lastname": "Renaldo", "participant_level": "umum", "image": "profile_pics/7d0baecdee1ff91f28f2bb66656abffd_45W1MDA.jpg", "favorite": [9, 11, 13]}}, {"model": "accounts.profile", "pk": 3, "fields": {"user": ["Vianassaaa"], "firstname": "", "lastname": "", "participant_level": "umum", "image": "default.jpg", "favorite": []}}, {"model": "accounts.profile", "pk": 4, "fields": {"user": ["Gogoo"], "firstname": "", "lastname": "", "participant_level": "umum", "image": "default.jpg", "favorite": [10]}}, {"model": "accounts.profile", "pk": 5, "fields": {"user": ["AA22"], "firstname": "", "lastname": "", "participant_level": "umum", "image": "default.jpg", "favorite": []}}, {"model": "accounts.profile", "pk": 6, "fields": {"user": ["nicorenaldo222"], "firstname": "", "lastname": "", "participant_level": "umum", "image": "default.jpg", "favorite": []}}, {"model": "accounts.profile", "pk": 7, "fields": {"user": ["nicorenaldo2222"], "firstname": "", "lastname": "", "participant_level": "umum", "image": "default.jpg", "favorite": []}}, {"model": "accounts.profile", "pk": 8, "fields": {"user": ["nicorenaldo22233"], "firstname": "", "lastname": "", "participant_level": "umum", "image": "default.jpg", "favorite": []}}, {"model": "accounts.profile", "pk": 9, "fields": {"user": ["komatik"], "firstname": "", "lastname": "", "participant_level": "umum", "image": "default.jpg", "favorite": []}}, {"model": "accounts.profile", "pk": 10, "fields": {"user": ["komatik2"], "firstname": "", "lastname": "", "participant_level": "umum", "image": "default.jpg", "favorite": []}}]